,EntryTime,Moon,Moon_proto
709,2017-08-18 21:00:00,0.0,-3378.009723999988
710,2017-08-21 05:15:00,0.0,-3205.799431999999
711,2017-08-21 23:00:00,0.0,205.8970120000131
712,2017-08-23 08:45:00,0.0,1070.372252000005
0,2017-08-23 18:15:00,-13211.833967999615,0.0
713,2017-08-24 21:00:00,0.0,857.1043360000003
714,2017-08-26 22:00:00,0.0,1444.3791120000024
715,2017-08-28 22:15:00,0.0,1104.2504000000135
1,2017-08-29 22:30:00,-15373.689408000206,0.0
2,2017-08-30 18:45:00,-98810.60279999996,0.0
716,2017-08-31 05:00:00,0.0,-3658.4916479999856
3,2017-08-31 19:45:00,27133.049088000484,0.0
4,2017-09-01 18:00:00,-5413.595999999643,0.0
717,2017-09-01 19:15:00,0.0,1043.8099919999977
718,2017-09-03 22:15:00,0.0,1361.909135999992
5,2017-09-06 18:00:00,-26089.178939999823,0.0
6,2017-09-07 22:30:00,2400.639359999982,0.0
7,2017-09-08 22:30:00,93022.30560000024,0.0
8,2017-09-14 19:00:00,81830.66892,0.0
719,2017-09-15 17:15:00,0.0,538.9498800000115
9,2017-09-15 18:15:00,-66354.59999999993,0.0
720,2017-09-17 17:15:00,0.0,1111.860000000008
721,2017-09-20 07:00:00,0.0,-3137.062500000002
10,2017-09-20 23:15:00,-86383.52954399996,0.0
11,2017-09-22 19:15:00,-14902.18320000003,0.0
722,2017-09-23 18:30:00,0.0,1078.5470000000032
12,2017-09-25 23:30:00,-3135.0973439999507,0.0
723,2017-09-27 19:00:00,0.0,1105.2480000000032
13,2017-09-27 19:15:00,42614.183040000295,0.0
724,2017-09-28 20:00:00,0.0,944.8311679999996
14,2017-09-28 23:45:00,31306.768584000045,0.0
725,2017-09-30 18:45:00,0.0,1626.2802279999903
726,2017-10-02 00:15:00,0.0,-3266.317308000004
727,2017-10-02 18:30:00,0.0,1088.6238720000056
15,2017-10-02 19:15:00,-68949.50399999949,0.0
16,2017-10-03 19:00:00,-13323.57119999989,1327.5638640000016
728,2017-10-04 17:45:00,0.0,1140.572668000007
17,2017-10-04 18:00:00,27735.01286399986,0.0
729,2017-10-05 18:00:00,0.0,-3810.856608000009
730,2017-10-06 19:30:00,0.0,1033.6846799999948
731,2017-10-08 20:30:00,0.0,1159.3427999999983
18,2017-10-10 17:15:00,-79459.3103999996,0.0
732,2017-10-10 18:15:00,0.0,1129.4504000000052
733,2017-10-11 17:15:00,0.0,1340.2728000000025
19,2017-10-12 17:15:00,16034.461200000078,0.0
734,2017-10-16 17:30:00,0.0,1178.8224480000065
735,2017-10-18 00:30:00,0.0,1166.9748479999926
736,2017-10-18 20:45:00,0.0,1105.1897960000078
21,2017-10-19 18:45:00,118832.7198240002,0.0
20,2017-10-20 23:30:00,88173.36847200047,0.0
22,2017-10-23 17:30:00,24868.01865599997,0.0
23,2017-10-25 17:15:00,7375.380000000199,0.0
24,2017-10-26 19:30:00,104619.41783999972,1195.5705120000075
25,2017-10-27 22:30:00,6772.0514400002185,0.0
737,2017-10-29 20:15:00,0.0,1228.8671280000144
26,2017-10-30 19:30:00,-99978.97166400072,0.0
738,2017-10-31 01:30:00,0.0,-4511.603276000004
739,2017-11-01 17:45:00,0.0,1127.1606000000156
27,2017-11-01 18:15:00,16409.992799999964,0.0
28,2017-11-02 18:45:00,-63699.71603999986,0.0
29,2017-11-03 17:45:00,-67703.25038399996,0.0
740,2017-11-06 22:15:00,0.0,-3845.8677039999984
741,2017-11-07 17:45:00,0.0,-2958.1176560000013
30,2017-11-09 18:15:00,7042.282668000201,0.0
742,2017-11-09 19:00:00,0.0,1085.7584920000036
31,2017-11-10 19:30:00,70847.35473599998,0.0
32,2017-11-13 19:15:00,9777.367908000006,0.0
743,2017-11-14 17:15:00,0.0,1141.8178200000011
33,2017-11-14 17:30:00,-9627.392159999872,0.0
744,2017-11-15 20:00:00,0.0,1217.2269760000036
745,2017-11-16 17:15:00,0.0,1111.9992000000047
34,2017-11-16 17:30:00,16667.336904000167,0.0
746,2017-11-18 19:45:00,0.0,1103.5206000000107
747,2017-11-21 21:45:00,0.0,1152.5704320000004
35,2017-11-22 17:30:00,-74519.30455199978,0.0
748,2017-11-22 19:30:00,0.0,-3820.819727999984
36,2017-11-23 17:45:00,-18001.15199999971,0.0
37,2017-11-24 17:15:00,33980.609376000146,0.0
749,2017-11-24 17:45:00,0.0,-3723.427535999996
750,2017-11-26 22:15:00,0.0,986.7768400000024
751,2017-11-27 17:45:00,0.0,-3705.599999999995
752,2017-11-28 18:45:00,0.0,1029.9769920000108
753,2017-11-29 19:30:00,0.0,940.1376320000128
38,2017-11-29 19:45:00,-4007.850000000008,0.0
754,2017-11-30 21:30:00,0.0,1003.5637199999946
755,2017-12-01 20:15:00,0.0,1036.304964000008
756,2017-12-02 20:00:00,0.0,-3408.380927999984
40,2017-12-05 17:00:00,120666.54666000004,0.0
39,2017-12-06 17:00:00,12284.210988000234,0.0
41,2017-12-07 17:00:00,-16372.679999999982,0.0
42,2017-12-12 17:00:00,-73194.29039999993,0.0
757,2017-12-13 05:15:00,0.0,-3295.489060000009
43,2017-12-13 17:00:00,12632.72259599992,0.0
758,2017-12-14 22:15:00,0.0,-3180.484980000001
44,2017-12-15 17:00:00,5113.160148000188,0.0
759,2017-12-16 17:45:00,0.0,816.630720000001
760,2017-12-19 05:45:00,0.0,857.843200000003
761,2017-12-20 08:30:00,0.0,994.5340200000282
762,2017-12-22 02:00:00,0.0,884.5000000000073
45,2017-12-22 17:00:00,-8064.974759999986,0.0
46,2017-12-26 17:00:00,36406.033775999946,0.0
47,2017-12-27 17:00:00,1762.3082520000517,0.0
48,2017-12-28 17:00:00,-1577.0154719999482,0.0
49,2018-01-03 17:00:00,712.800000000012,0.0
763,2018-01-03 23:45:00,0.0,1033.2217440000095
50,2018-01-04 17:30:00,-101676.45600000002,0.0
51,2018-01-05 18:00:00,77512.63680000001,0.0
764,2018-01-07 07:30:00,0.0,-3278.733979999997
765,2018-01-07 22:45:00,0.0,1055.1911800000016
53,2018-01-08 23:00:00,4906.417464000026,0.0
52,2018-01-09 19:15:00,-8447.737319999913,0.0
54,2018-01-10 17:15:00,2228.4599999999773,0.0
55,2018-01-11 17:00:00,-393.8397119999863,0.0
766,2018-01-13 21:15:00,0.0,989.0166960000024
56,2018-01-15 22:15:00,8703.409152000037,0.0
767,2018-01-16 08:45:00,0.0,932.640000000003
57,2018-01-16 17:00:00,7036.54560000007,0.0
58,2018-01-17 17:15:00,3710.1912960000336,0.0
768,2018-01-19 17:45:00,0.0,1028.0536280000051
59,2018-01-22 17:45:00,-61672.82207999998,0.0
769,2018-01-22 22:00:00,0.0,1047.335392000008
60,2018-01-23 17:00:00,-5226.555071999974,0.0
61,2018-01-24 17:00:00,5776.783488000081,0.0
770,2018-01-24 17:30:00,0.0,1012.59187199999
62,2018-01-26 17:00:00,7237.663163999821,0.0
771,2018-01-29 17:45:00,0.0,1080.383936000013
772,2018-01-30 18:45:00,0.0,1016.169280000002
63,2018-01-30 22:30:00,22945.26042000004,0.0
64,2018-02-01 18:30:00,37145.57932800015,0.0
65,2018-02-02 17:00:00,-7694.787984000033,0.0
773,2018-02-05 06:30:00,0.0,1105.7639999999938
66,2018-02-05 17:00:00,42932.34915600004,0.0
67,2018-02-06 17:00:00,-54800.108880000014,0.0
68,2018-02-07 18:00:00,1122.9821280000006,0.0
774,2018-02-12 03:30:00,0.0,1047.6555320000034
69,2018-02-12 17:00:00,286.09164000002966,0.0
70,2018-02-14 17:00:00,131924.51316000003,0.0
71,2018-02-15 17:00:00,11702.098800000022,0.0
72,2018-02-19 17:00:00,14368.491828000126,0.0
73,2018-02-20 17:00:00,-38.919599999924685,0.0
775,2018-02-20 21:15:00,0.0,1066.2719999999972
776,2018-02-21 21:00:00,0.0,1143.1511280000032
74,2018-02-21 22:45:00,6328.747140000043,0.0
75,2018-02-22 19:15:00,10568.100600000023,0.0
777,2018-02-25 19:15:00,0.0,1093.161199999995
76,2018-02-26 17:00:00,-79122.24921599992,0.0
77,2018-02-27 17:00:00,482.8507200000604,0.0
78,2018-02-28 17:00:00,-357.5232000000324,0.0
778,2018-03-05 05:15:00,0.0,1028.7840000000142
79,2018-03-05 17:00:00,3007.000920000155,0.0
779,2018-03-05 21:00:00,0.0,1068.5920000000042
80,2018-03-06 19:15:00,10571.56867200014,0.0
81,2018-03-07 17:00:00,-4028.3999999999214,0.0
82,2018-03-08 22:00:00,13128.642192000108,0.0
83,2018-03-09 17:00:00,-62650.84800000001,0.0
84,2018-03-09 17:00:00,5573.730000000005,0.0
780,2018-03-10 17:15:00,0.0,1268.1100080000017
86,2018-03-13 19:45:00,14916.9667200002,0.0
781,2018-03-14 03:00:00,0.0,1158.606724000003
85,2018-03-14 19:00:00,22501.335540000066,0.0
87,2018-03-15 17:00:00,568.8000000000175,0.0
88,2018-03-16 22:45:00,4617.597600000063,0.0
782,2018-03-17 18:15:00,0.0,-3792.9035999999833
783,2018-03-19 07:00:00,0.0,1144.9213919999893
89,2018-03-19 23:00:00,24026.964000000065,0.0
784,2018-03-20 20:45:00,0.0,1185.984000000004
90,2018-03-21 18:15:00,-2002.0560000000623,0.0
91,2018-03-22 18:45:00,32586.551052000348,0.0
92,2018-03-23 17:00:00,-2041.689599999936,0.0
785,2018-03-25 00:30:00,0.0,-3843.3506319999706
93,2018-03-26 18:30:00,38431.61227200012,0.0
94,2018-03-27 17:00:00,3175.020000000115,0.0
95,2018-03-28 19:00:00,-70272.79108799988,0.0
96,2018-03-29 17:00:00,731.2680000001837,0.0
786,2018-03-31 07:45:00,0.0,-3904.3412999999873
787,2018-04-02 07:30:00,0.0,-3651.379199999996
788,2018-04-03 01:45:00,0.0,1055.0864999999994
97,2018-04-03 17:00:00,-1988.0063999999547,0.0
789,2018-04-04 20:15:00,0.0,1064.8836120000103
98,2018-04-04 23:15:00,-2718.871811999841,0.0
99,2018-04-06 17:30:00,-2843.0999999998903,0.0
790,2018-04-06 18:00:00,0.0,1082.0851999999995
791,2018-04-08 18:00:00,0.0,1051.447955999999
100,2018-04-09 17:00:00,-45798.0,0.0
792,2018-04-09 17:30:00,0.0,-3527.2691999999925
101,2018-04-10 17:00:00,-9002.040216000014,0.0
102,2018-04-11 22:15:00,3194.194799999981,0.0
103,2018-04-13 17:00:00,-776.9745959999864,0.0
793,2018-04-14 18:00:00,0.0,1033.0187119999964
794,2018-04-16 20:00:00,0.0,1030.2985440000111
795,2018-04-17 17:15:00,0.0,-3444.887423999997
104,2018-04-19 18:45:00,-3892.800623999792,0.0
105,2018-04-20 19:45:00,-4156.705080000102,0.0
106,2018-04-23 17:00:00,28471.15963200008,0.0
107,2018-04-24 17:00:00,6601.178892000024,0.0
108,2018-04-25 19:30:00,-5825.046299999935,0.0
796,2018-04-25 21:45:00,0.0,1074.5133600000008
109,2018-04-27 17:45:00,-2723.2799999999406,0.0
797,2018-04-27 18:00:00,0.0,1074.1600000000108
798,2018-04-28 18:30:00,0.0,1137.35560000001
799,2018-05-01 22:45:00,0.0,-3465.769679999994
110,2018-05-02 17:00:00,-15905.933999999945,0.0
800,2018-05-03 21:30:00,0.0,1066.7462799999885
111,2018-05-04 17:00:00,2657.087999999967,0.0
801,2018-05-05 02:15:00,0.0,1011.6370439999972
802,2018-05-05 18:45:00,0.0,1030.0104000000083
112,2018-05-07 17:00:00,20516.73290400013,0.0
803,2018-05-08 07:30:00,0.0,1081.1188399999992
113,2018-05-09 17:00:00,-6953.039999999783,0.0
114,2018-05-10 17:45:00,-1402.4790719997309,0.0
804,2018-05-10 18:00:00,0.0,-3591.9667200000004
115,2018-05-11 17:00:00,15681.958800000024,0.0
117,2018-05-14 17:00:00,842.347824000004,0.0
116,2018-05-14 17:00:00,-67292.45222399975,0.0
118,2018-05-16 17:00:00,-1916.011199999839,0.0
119,2018-05-22 18:15:00,3014.707079999989,0.0
805,2018-05-22 19:45:00,0.0,1055.2520000000077
120,2018-05-23 17:00:00,-63.613512000009,0.0
121,2018-05-24 17:15:00,-17669.390975999922,0.0
806,2018-05-25 08:45:00,0.0,1049.213040000006
122,2018-05-25 17:00:00,25797.24536400021,0.0
123,2018-05-28 17:00:00,18828.670980000137,0.0
807,2018-05-29 21:30:00,0.0,1150.2701600000128
124,2018-05-31 17:00:00,-2962.1868479997866,0.0
808,2018-05-31 18:15:00,0.0,1048.7439360000062
809,2018-06-01 18:00:00,0.0,1100.9214720000127
125,2018-06-05 17:00:00,-2572.492667999826,0.0
810,2018-06-06 21:45:00,0.0,1137.1121840000096
126,2018-06-08 17:00:00,28635.52406400056,0.0
811,2018-06-09 23:30:00,0.0,1165.8064080000058
812,2018-06-12 01:45:00,0.0,1166.819940000014
127,2018-06-13 18:00:00,7678.96516800001,0.0
813,2018-06-16 07:30:00,0.0,1118.993999999993
814,2018-06-16 22:15:00,0.0,-140.43683999999848
815,2018-06-17 19:00:00,0.0,984.7209840000024
816,2018-06-19 21:00:00,0.0,1170.34314
817,2018-06-20 22:45:00,0.0,1063.1134200000088
128,2018-06-20 23:15:00,-3310.4584079997667,0.0
129,2018-06-22 17:00:00,141071.0393999999,0.0
818,2018-06-25 01:45:00,0.0,1346.7215719999967
819,2018-06-25 18:30:00,0.0,1193.6450040000043
130,2018-06-25 22:00:00,187.902576000075,0.0
131,2018-07-02 22:15:00,4174.072319999999,0.0
820,2018-07-04 05:15:00,0.0,1227.0387199999968
132,2018-07-04 22:30:00,-2266.6769999999024,0.0
821,2018-07-05 19:00:00,0.0,1232.5403519999963
133,2018-07-09 17:15:00,-61803.07739999987,0.0
822,2018-07-09 18:30:00,0.0,1240.3573760000145
823,2018-07-10 18:00:00,0.0,1302.993424000013
134,2018-07-10 18:15:00,68695.41657600045,0.0
135,2018-07-12 17:00:00,3182.55750000003,0.0
824,2018-07-12 21:00:00,0.0,1287.4106880000109
825,2018-07-13 22:00:00,0.0,1369.8014399999863
136,2018-07-16 18:15:00,64938.96000000018,0.0
826,2018-07-18 00:45:00,0.0,1331.1827560000029
827,2018-07-19 21:45:00,0.0,1294.2516000000023
137,2018-07-19 22:15:00,-81054.33749999985,0.0
828,2018-07-20 17:30:00,0.0,1385.6858880000073
139,2018-07-23 17:00:00,79677.91200000008,0.0
829,2018-07-24 01:30:00,0.0,1340.0343599999906
138,2018-07-24 19:30:00,7906.642007999999,0.0
140,2018-07-27 22:15:00,-60583.05178799983,0.0
830,2018-07-27 22:30:00,0.0,-4565.567700000001
831,2018-07-30 02:00:00,0.0,1289.1323200000188
832,2018-07-31 01:15:00,0.0,1313.015368000004
141,2018-07-31 18:00:00,252929.0090880001,0.0
833,2018-08-02 05:45:00,0.0,1354.0835840000072
142,2018-08-02 22:15:00,76648.28542799999,0.0
834,2018-08-04 20:30:00,0.0,1318.6376960000198
143,2018-08-06 17:00:00,2090.7143040002197,0.0
835,2018-08-06 23:15:00,0.0,1369.538631999991
836,2018-08-07 17:30:00,0.0,1389.865600000002
837,2018-08-09 21:15:00,0.0,1456.261680000007
144,2018-08-13 17:45:00,-68199.1231680001,0.0
838,2018-08-14 01:15:00,0.0,1481.3944000000083
145,2018-08-15 17:00:00,11847.096000000109,0.0
839,2018-08-15 22:15:00,0.0,1481.1177600000335
146,2018-08-16 17:15:00,-65811.81499200001,0.0
840,2018-08-16 19:15:00,0.0,1487.581680000003
841,2018-08-18 02:15:00,0.0,1481.8787200000224
147,2018-08-20 18:15:00,74371.91960400049,0.0
842,2018-08-22 04:30:00,0.0,1509.995199999994
148,2018-08-24 17:00:00,89852.49978000006,0.0
843,2018-08-24 20:00:00,0.0,1502.9537600000003
844,2018-08-27 21:45:00,0.0,1524.269839999979
149,2018-08-28 17:00:00,31353.35330400012,0.0
845,2018-08-29 18:30:00,0.0,-5172.820223999996
150,2018-08-29 18:45:00,-71913.74131199985,0.0
151,2018-08-30 17:45:00,33260.34959999997,0.0
152,2018-08-31 22:15:00,-71603.15389199962,-5050.101275999985
846,2018-09-04 05:15:00,0.0,1470.158572000004
153,2018-09-04 19:30:00,41993.952000000354,0.0
154,2018-09-05 19:00:00,84623.48218799959,0.0
847,2018-09-07 19:15:00,0.0,1423.0038400000012
155,2018-09-07 19:45:00,78129.66798000003,0.0
848,2018-09-08 21:45:00,0.0,1524.0592000000288
849,2018-09-11 22:45:00,0.0,1533.247632000005
850,2018-09-12 17:45:00,0.0,-5022.049787999968
156,2018-09-13 18:15:00,21349.58707200021,0.0
851,2018-09-15 22:45:00,0.0,-4761.046600000001
157,2018-09-17 22:00:00,82922.4660000003,0.0
852,2018-09-19 21:00:00,0.0,1385.5269680000038
853,2018-09-20 22:00:00,0.0,1416.0700000000124
158,2018-09-21 17:00:00,-2551.023600000005,0.0
854,2018-09-22 18:00:00,0.0,1463.808184000016
159,2018-09-25 17:00:00,-2722.157567999866,0.0
855,2018-09-25 20:45:00,0.0,-4907.782079999979
160,2018-09-26 19:30:00,20368.631808000617,0.0
161,2018-10-01 19:45:00,-4831.149539999765,0.0
162,2018-10-02 19:00:00,7328.587500000481,0.0
856,2018-10-02 19:30:00,0.0,1365.8005440000034
857,2018-10-06 07:45:00,0.0,1384.311671999998
858,2018-10-11 22:15:00,0.0,-4733.719439999986
859,2018-10-17 02:00:00,0.0,1398.9579120000017
163,2018-10-17 18:45:00,-16226.133047999196,0.0
164,2018-10-18 17:45:00,113676.02399999986,0.0
860,2018-10-21 19:15:00,0.0,-4583.381759999995
166,2018-10-22 23:15:00,-9686.572799999922,0.0
165,2018-10-23 17:00:00,-13335.459191998829,0.0
167,2018-10-24 17:00:00,-94456.2309599996,0.0
168,2018-10-25 17:00:00,-2199.3544439999823,0.0
169,2018-10-30 18:15:00,4272.246179999688,0.0
861,2018-10-30 20:15:00,0.0,1324.7942400000047
170,2018-10-31 17:15:00,-68308.17378000033,0.0
171,2018-11-01 17:00:00,59013.876432001096,0.0
862,2018-11-02 04:15:00,0.0,1331.3630880000037
863,2018-11-06 17:45:00,0.0,1353.8680560000157
172,2018-11-06 18:00:00,-13563.421703999664,0.0
864,2018-11-07 17:30:00,0.0,-4634.941896000008
173,2018-11-08 17:00:00,2951.875200001537,0.0
174,2018-11-09 18:45:00,-2411.830007999084,0.0
176,2018-11-12 17:00:00,784034.2493760013,0.0
175,2018-11-14 19:45:00,522648.9168000009,0.0
178,2018-11-15 19:30:00,-724.958099999958,0.0
177,2018-11-16 17:00:00,-29420.918843999563,0.0
865,2018-11-17 01:00:00,0.0,1309.9837600000135
866,2018-11-18 20:30:00,0.0,1371.5094120000003
179,2018-11-19 17:15:00,70678.4234520001,0.0
180,2018-11-20 17:00:00,8726.600376000002,0.0
867,2018-11-21 05:00:00,0.0,1351.691199999982
181,2018-11-21 18:00:00,-37581.406127999886,0.0
182,2018-11-22 18:45:00,1770.9236160000528,0.0
868,2018-11-25 03:00:00,0.0,1363.4065800000026
183,2018-11-26 18:15:00,25268.67576000013,0.0
184,2018-11-27 18:15:00,-62771.1987840001,0.0
869,2018-11-27 20:00:00,0.0,1408.649728000004
185,2018-11-28 22:00:00,4551.277499999969,0.0
186,2018-11-29 18:15:00,-85141.11393599988,0.0
870,2018-11-30 08:00:00,0.0,1470.321228000007
187,2018-11-30 19:30:00,16208.162963999845,0.0
871,2018-12-05 00:30:00,0.0,-4767.575931999993
188,2018-12-05 17:00:00,23406.102719999948,0.0
189,2018-12-06 23:30:00,-2991.3604559997925,1385.860352000003
872,2018-12-08 20:30:00,0.0,1418.3039520000002
873,2018-12-09 19:30:00,0.0,-4721.994575999976
874,2018-12-11 00:30:00,0.0,1328.5115120000137
875,2018-12-11 19:30:00,0.0,1405.815460000008
190,2018-12-12 19:45:00,-683.3279879998386,0.0
876,2018-12-17 18:15:00,0.0,1388.4321040000025
877,2018-12-18 23:15:00,0.0,1396.7518239999945
191,2018-12-18 23:30:00,23513.478960000102,0.0
192,2018-12-19 19:45:00,-3681.628007999959,0.0
193,2018-12-20 17:15:00,26923.917552000334,0.0
194,2018-12-26 17:45:00,-9938.782895999972,0.0
878,2018-12-26 18:15:00,0.0,1427.461200000007
879,2018-12-31 20:45:00,0.0,1481.571167999998
880,2019-01-02 00:45:00,0.0,1443.6886879999863
881,2019-01-02 17:15:00,0.0,1414.3386840000037
195,2019-01-02 22:00:00,16205.205000000093,0.0
882,2019-01-04 22:15:00,0.0,-4851.914783999982
196,2019-01-04 23:30:00,-84004.7168639998,0.0
883,2019-01-08 20:45:00,0.0,1439.7368439999968
197,2019-01-08 22:30:00,-88866.07142399995,0.0
884,2019-01-09 20:30:00,0.0,-4775.085619999994
885,2019-01-10 18:15:00,0.0,1388.150271999999
198,2019-01-10 18:45:00,35982.21411600009,0.0
886,2019-01-12 18:45:00,0.0,1383.2939440000036
887,2019-01-18 01:15:00,0.0,1386.8449039999905
888,2019-01-22 06:45:00,0.0,1428.2714600000054
889,2019-01-22 20:45:00,0.0,-4817.799648000004
890,2019-01-27 00:45:00,0.0,1385.0000640000098
891,2019-01-28 17:30:00,0.0,1434.8603520000106
199,2019-01-29 17:00:00,-65433.892847999865,0.0
892,2019-01-30 19:30:00,0.0,1435.332959999996
893,2019-01-31 20:00:00,0.0,1469.9405880000245
200,2019-02-05 19:00:00,-63630.86999999893,0.0
894,2019-02-06 20:45:00,0.0,-4832.42496
201,2019-02-06 23:30:00,-7421.981855999946,0.0
202,2019-02-08 18:00:00,376321.2825000005,0.0
895,2019-02-09 17:45:00,0.0,1402.2461639999956
203,2019-02-12 18:30:00,-78317.86736400022,0.0
204,2019-02-13 18:15:00,12530.745000000536,0.0
205,2019-02-14 17:30:00,4400.953163999702,0.0
896,2019-02-18 17:30:00,0.0,1422.8772360000105
206,2019-02-18 18:15:00,60235.92960000017,0.0
897,2019-02-20 01:00:00,0.0,1454.3276760000083
207,2019-02-20 18:00:00,4234.50990000002,0.0
208,2019-02-22 17:00:00,-65260.40589600059,0.0
209,2019-02-27 17:15:00,-71598.65343599951,-4852.1101199999885
898,2019-02-28 17:15:00,0.0,1420.6659840000066
210,2019-02-28 17:45:00,-95829.08999999972,0.0
211,2019-03-01 17:15:00,24585.43500000076,-4755.528831999982
212,2019-03-04 18:30:00,709.5270000001392,0.0
213,2019-03-05 22:00:00,59653.22999999969,0.0
899,2019-03-07 19:15:00,0.0,1376.711860000005
900,2019-03-09 08:45:00,0.0,1389.4931600000036
214,2019-03-14 17:00:00,-77342.90493599966,0.0
901,2019-03-15 18:45:00,0.0,1399.7034440000089
215,2019-03-15 19:00:00,46973.46750000037,0.0
902,2019-03-20 20:15:00,0.0,1407.584280000001
217,2019-03-21 23:45:00,-66010.49999999975,0.0
218,2019-03-21 23:45:00,-51873.84000000002,0.0
903,2019-03-24 09:00:00,0.0,1440.561196000002
216,2019-03-26 17:00:00,-3379.3932239999217,0.0
219,2019-03-29 17:30:00,56810.698896000365,0.0
904,2019-03-29 17:45:00,0.0,1457.1243720000102
905,2019-03-31 21:00:00,0.0,1478.5277639999922
220,2019-04-02 17:00:00,6090.659459999938,0.0
906,2019-04-06 22:15:00,0.0,1455.0653000000011
907,2019-04-07 23:30:00,0.0,1469.7614000000158
908,2019-04-08 20:45:00,0.0,-5142.276048000003
221,2019-04-09 18:30:00,-49804.87415999995,0.0
222,2019-04-10 17:00:00,7009.550340000046,0.0
909,2019-04-11 17:15:00,0.0,1426.7999999999956
223,2019-04-11 19:00:00,9980.885231999848,0.0
910,2019-04-16 05:00:00,0.0,-4780.866300000002
911,2019-04-17 20:45:00,0.0,1365.3803720000217
912,2019-04-20 01:00:00,0.0,1373.1432399999912
913,2019-04-20 22:30:00,0.0,1402.8821480000151
224,2019-04-22 19:30:00,81550.46822400056,0.0
914,2019-04-23 21:45:00,0.0,-4881.391844000015
225,2019-04-23 23:30:00,-3995.7410999999183,0.0
226,2019-04-24 17:15:00,-1268.61455999998,0.0
915,2019-04-26 07:00:00,0.0,1374.9946320000035
916,2019-04-28 04:30:00,0.0,1399.093404000021
227,2019-05-02 17:00:00,115470.0183000002,0.0
228,2019-05-03 17:00:00,34618.08988799987,0.0
917,2019-05-05 17:30:00,0.0,1399.4817480000063
918,2019-05-07 21:45:00,0.0,1484.500835999993
229,2019-05-07 22:30:00,17455.872240000026,0.0
230,2019-05-10 17:00:00,-3263.500427999754,0.0
919,2019-05-10 17:45:00,0.0,1456.6684800000255
231,2019-05-14 17:00:00,-22443.30959999994,0.0
920,2019-05-16 02:15:00,0.0,1518.855807999993
232,2019-05-16 19:45:00,-3556.4553359998945,0.0
921,2019-05-16 20:45:00,0.0,1420.6880640000163
233,2019-05-17 17:00:00,9438.948936000124,0.0
922,2019-05-21 21:15:00,0.0,1568.2239560000116
234,2019-05-23 18:00:00,-72678.61457999983,0.0
923,2019-05-23 21:30:00,0.0,-4922.997155999985
235,2019-05-24 17:45:00,4508.339304000056,0.0
924,2019-05-24 18:45:00,0.0,1544.9703040000168
925,2019-05-26 03:15:00,0.0,1490.7902080000204
926,2019-05-28 00:30:00,0.0,-5072.757119999997
236,2019-05-29 17:00:00,-24799.22265599929,0.0
237,2019-05-30 17:00:00,-173.89444799970445,0.0
238,2019-05-31 17:00:00,-2446.329132000168,0.0
927,2019-06-01 18:30:00,0.0,1412.2964239999783
239,2019-06-04 17:00:00,18987.69600000001,0.0
928,2019-06-05 01:00:00,0.0,1486.664896000002
241,2019-06-05 23:30:00,-6093.372059999916,0.0
929,2019-06-06 07:15:00,0.0,1431.278976000016
240,2019-06-06 23:00:00,-16532.919719999656,0.0
930,2019-06-07 01:45:00,0.0,1537.1606040000188
242,2019-06-07 17:00:00,-23572.861199999432,0.0
931,2019-06-09 21:00:00,0.0,1505.8857040000112
932,2019-06-10 20:45:00,0.0,1562.9982920000166
243,2019-06-12 17:00:00,84693.99448799992,0.0
933,2019-06-12 20:15:00,0.0,1605.3909200000016
244,2019-06-13 23:45:00,11819.67024000004,1568.9518280000138
245,2019-06-14 17:00:00,33911.82176399989,0.0
934,2019-06-15 18:00:00,0.0,1604.9973119999631
246,2019-06-17 17:45:00,1155.3600000000731,0.0
935,2019-06-17 23:30:00,0.0,1603.7359799999922
936,2019-06-19 01:30:00,0.0,-5214.347640000015
247,2019-06-20 22:30:00,18130.97286000012,0.0
937,2019-06-21 20:30:00,0.0,1621.1656720000065
248,2019-06-24 17:00:00,-384.4035359998925,0.0
250,2019-06-25 17:00:00,152434.26324000015,0.0
249,2019-06-26 17:00:00,-362.8799999999319,0.0
251,2019-06-27 22:45:00,25647.023844000018,0.0
938,2019-06-30 22:45:00,0.0,1607.556432000012
252,2019-07-02 17:00:00,-84280.19896799995,0.0
939,2019-07-04 01:00:00,0.0,1596.0046560000046
253,2019-07-05 17:00:00,-54234.87888000004,0.0
940,2019-07-07 17:15:00,0.0,-5146.923599999973
254,2019-07-08 17:45:00,2864.077943999984,0.0
941,2019-07-09 19:00:00,0.0,-4872.874839999986
942,2019-07-10 22:15:00,0.0,-5043.50183999999
255,2019-07-10 22:30:00,-61673.73141599988,0.0
256,2019-07-11 17:00:00,1294.8290040000084,0.0
257,2019-07-18 17:00:00,-67022.18171999995,0.0
943,2019-07-21 01:30:00,0.0,1480.7327040000018
944,2019-07-22 17:45:00,0.0,1469.9519999999902
259,2019-07-22 23:45:00,45246.14400000006,0.0
258,2019-07-23 17:00:00,8687.283000000116,0.0
945,2019-07-25 03:30:00,0.0,-4827.324684000012
946,2019-07-31 01:00:00,0.0,1431.0967840000212
260,2019-07-31 17:00:00,45631.480032000094,0.0
261,2019-08-02 17:00:00,1271.6430480001454,0.0
947,2019-08-05 03:15:00,0.0,1384.4283200000064
262,2019-08-05 17:00:00,-3348.9246480000256,0.0
263,2019-08-06 17:00:00,-119773.49011199996,0.0
264,2019-08-09 18:45:00,104217.64004400004,1354.2577199999869
265,2019-08-12 17:00:00,-1941.986340000185,0.0
948,2019-08-12 20:30:00,0.0,1417.7610040000018
266,2019-08-13 17:00:00,220002.90605999983,0.0
267,2019-08-14 17:15:00,-4705.449300000009,0.0
268,2019-08-16 17:00:00,-75128.60924399982,0.0
949,2019-08-17 18:00:00,0.0,1440.328751999994
269,2019-08-19 17:00:00,-2159.052420000025,0.0
270,2019-08-21 17:00:00,8218.967952000537,0.0
271,2019-08-22 17:00:00,-25409.11910400004,0.0
272,2019-08-23 17:00:00,27093.451391999995,0.0
950,2019-08-25 06:15:00,0.0,1518.000535999994
273,2019-08-26 17:00:00,-1998.5961479996968,0.0
274,2019-08-27 17:00:00,-846.8390400001954,0.0
275,2019-08-28 17:30:00,115051.94039999988,0.0
276,2019-08-29 17:00:00,-41494.61137199991,0.0
951,2019-09-01 02:15:00,0.0,1553.9396320000378
277,2019-09-02 17:00:00,36400.89600000008,0.0
278,2019-09-03 17:00:00,20875.06085999993,0.0
952,2019-09-03 21:15:00,0.0,1578.136143999991
953,2019-09-05 19:30:00,0.0,1477.346304000006
279,2019-09-06 17:00:00,-86616.06533999904,0.0
280,2019-09-09 17:00:00,2468.355552000132,0.0
281,2019-09-11 17:00:00,-1943.015483999663,0.0
954,2019-09-12 21:00:00,0.0,1546.9721799999934
955,2019-09-14 22:00:00,0.0,1547.305396000027
282,2019-09-17 17:00:00,3072.9594000001725,0.0
956,2019-09-18 06:30:00,0.0,1542.120268000006
283,2019-09-18 17:45:00,366386.60998800176,0.0
957,2019-09-18 18:15:00,0.0,118.8248599999988
284,2019-09-19 17:00:00,-19290.9219839992,0.0
958,2019-09-20 05:15:00,0.0,-5512.840704000006
959,2019-09-22 23:15:00,0.0,1517.5192759999973
285,2019-09-23 17:00:00,51858.37047600016,0.0
960,2019-09-24 00:30:00,0.0,1606.023888000018
286,2019-09-24 23:00:00,146921.633568,0.0
287,2019-09-25 17:00:00,-3534.4569599999813,0.0
288,2019-09-26 23:00:00,34353.35716800027,0.0
289,2019-09-27 18:30:00,5702.59200000007,0.0
961,2019-09-28 17:15:00,0.0,1616.8171639999964
290,2019-09-30 17:00:00,-142811.1211799997,0.0
291,2019-10-01 17:00:00,-5486.920776000012,0.0
293,2019-10-03 23:45:00,3086.890019999741,0.0
962,2019-10-04 01:15:00,0.0,1626.9261800000158
292,2019-10-04 17:00:00,447.7785480000466,0.0
963,2019-10-05 23:15:00,0.0,1669.6081440000053
964,2019-10-07 22:15:00,0.0,1728.1823760000225
965,2019-10-08 22:00:00,0.0,1753.3824480000076
294,2019-10-08 22:30:00,-6314.925887999838,0.0
295,2019-10-09 17:00:00,-3588.8417279995774,0.0
296,2019-10-10 17:00:00,-36592.66142399997,0.0
297,2019-10-11 17:00:00,758.6053199999296,0.0
966,2019-10-13 21:15:00,0.0,-5455.84264
298,2019-10-16 17:00:00,36973.72483200004,0.0
299,2019-10-18 17:00:00,-89953.97409599976,0.0
967,2019-10-20 17:45:00,0.0,-5461.502975999998
301,2019-10-21 19:45:00,-55991.40441599989,0.0
968,2019-10-22 18:00:00,0.0,-5068.081151999984
300,2019-10-22 18:45:00,-83370.62432399875,0.0
302,2019-10-23 17:00:00,-1252.4359679999598,0.0
303,2019-10-24 17:00:00,-12927.69719999998,0.0
304,2019-10-25 19:30:00,529201.3027680006,0.0
969,2019-10-30 05:00:00,0.0,1535.5196640000177
305,2019-10-30 17:00:00,20956.108404000486,0.0
306,2019-10-31 17:00:00,-5700.698399999683,0.0
970,2019-10-31 21:15:00,0.0,-4971.548344000006
971,2019-11-02 04:00:00,0.0,1457.3988240000144
307,2019-11-04 19:30:00,33239.359296000264,0.0
972,2019-11-05 08:00:00,0.0,-5035.842336000005
308,2019-11-07 17:00:00,13019.004864000526,0.0
309,2019-11-08 17:00:00,90714.9515760002,0.0
973,2019-11-10 01:30:00,0.0,-4716.60403200001
310,2019-11-11 17:00:00,20538.175679999906,0.0
974,2019-11-12 18:30:00,0.0,1403.8945759999842
312,2019-11-12 22:15:00,1671.489060000169,0.0
975,2019-11-13 20:00:00,0.0,-4730.865215999987
311,2019-11-14 17:00:00,-21006.18062400074,0.0
313,2019-11-18 17:00:00,-4738.870823999683,0.0
976,2019-11-18 21:15:00,0.0,1368.2844560000158
314,2019-11-19 17:00:00,8593.980719999996,0.0
315,2019-11-20 18:15:00,-73999.28159999999,0.0
977,2019-11-21 04:15:00,0.0,1299.9119280000068
316,2019-11-21 17:15:00,416523.071988,93.7695279999998
317,2019-11-22 17:00:00,54143.828159999975,0.0
978,2019-11-24 19:30:00,0.0,1417.6980680000115
318,2019-11-27 18:00:00,-97030.45706400007,0.0
979,2019-11-27 21:15:00,0.0,1349.7592960000184
980,2019-11-29 01:15:00,0.0,1409.5678080000216
319,2019-11-29 18:15:00,-87549.86160000027,0.0
320,2019-12-02 17:00:00,13262.832000000137,0.0
981,2019-12-03 03:15:00,0.0,1441.4818840000153
321,2019-12-04 17:00:00,-71984.47737599998,0.0
322,2019-12-05 17:00:00,43298.31398400036,0.0
982,2019-12-07 00:30:00,0.0,1463.224000000002
983,2019-12-09 23:45:00,0.0,1484.4506080000149
984,2019-12-10 17:30:00,0.0,1443.531608000012
323,2019-12-10 17:45:00,21555.18019200019,0.0
985,2019-12-11 19:15:00,0.0,1481.3478000000125
986,2019-12-12 17:30:00,0.0,1500.1596000000172
987,2019-12-17 17:15:00,0.0,1514.820220000005
324,2019-12-17 17:30:00,66702.77250000012,0.0
988,2019-12-22 06:30:00,0.0,1506.406680000002
989,2019-12-24 01:30:00,0.0,-5227.365888
325,2019-12-24 17:00:00,5604.147000000057,0.0
990,2019-12-25 02:00:00,0.0,1512.0776880000085
326,2019-12-25 19:30:00,2987.556540000218,1508.2772400000104
991,2019-12-27 07:15:00,0.0,1478.2389840000033
992,2019-12-27 20:45:00,0.0,1582.912800000002
993,2019-12-28 20:00:00,0.0,1501.4840400000048
327,2019-12-30 17:00:00,-215.425919999856,0.0
994,2019-12-31 00:15:00,0.0,1617.740788000001
995,2020-01-01 00:45:00,0.0,1590.01408800001
996,2020-01-02 22:45:00,0.0,1662.655360000008
328,2020-01-03 17:00:00,11522.542824000153,0.0
997,2020-01-05 03:15:00,0.0,1614.3360640000174
998,2020-01-06 21:45:00,0.0,1663.1302680000072
999,2020-01-09 17:45:00,0.0,1681.9790400000074
329,2020-01-09 18:00:00,-2226.4744320000027,0.0
330,2020-01-10 17:00:00,-85567.10448000004,0.0
1000,2020-01-12 18:15:00,0.0,1682.5428000000084
1001,2020-01-14 18:30:00,0.0,1674.074795999999
331,2020-01-14 22:45:00,15194.97504000002,0.0
1002,2020-01-15 23:00:00,0.0,1752.9300439999895
332,2020-01-17 17:00:00,49079.13379199995,0.0
1003,2020-01-20 18:00:00,0.0,1725.037328000024
1004,2020-01-21 17:15:00,0.0,1783.436615999999
333,2020-01-23 17:30:00,55079.46144000025,0.0
334,2020-01-24 18:45:00,-68951.86249200001,0.0
1005,2020-01-24 19:15:00,0.0,-6052.03199999997
1006,2020-01-29 08:00:00,0.0,1695.0848000000117
1007,2020-01-29 18:00:00,0.0,1735.684991999995
335,2020-01-30 17:00:00,-72514.05453599931,0.0
1008,2020-02-01 20:30:00,0.0,1732.7842559999845
1009,2020-02-02 19:45:00,0.0,1752.7144960000005
336,2020-02-03 19:45:00,1427.0690759998197,0.0
1010,2020-02-04 02:45:00,0.0,1831.790800000021
337,2020-02-04 17:45:00,22147.05239999963,0.0
338,2020-02-05 19:45:00,130087.97340000064,0.0
339,2020-02-06 17:00:00,20109.38244000004,0.0
1011,2020-02-06 17:15:00,0.0,1790.6062720000043
1012,2020-02-08 21:15:00,0.0,1821.6565760000085
1013,2020-02-10 07:30:00,0.0,-6213.513215999992
1014,2020-02-12 00:30:00,0.0,1755.984959999996
340,2020-02-12 17:00:00,-4667.519999999837,0.0
1015,2020-02-12 17:15:00,0.0,1810.5055800000173
341,2020-02-13 17:45:00,4986.491904000286,0.0
342,2020-02-14 17:00:00,49690.9304279998,0.0
1016,2020-02-14 17:15:00,0.0,1790.521740000022
1017,2020-02-16 22:15:00,0.0,1835.256767999992
1018,2020-02-17 19:30:00,0.0,1885.9255319999995
343,2020-02-17 19:45:00,8829.306864000224,0.0
1019,2020-02-18 22:15:00,0.0,-6292.91998799998
344,2020-02-18 22:45:00,-66823.52688000028,0.0
1020,2020-02-20 03:45:00,0.0,-5862.294239999983
1021,2020-02-21 20:15:00,0.0,1802.0502399999823
1022,2020-02-23 18:15:00,0.0,-5699.928960000016
345,2020-02-25 17:00:00,443.1848399998125,0.0
1023,2020-02-25 20:30:00,0.0,1646.878740000002
1024,2020-02-26 17:30:00,0.0,1679.8371840000036
346,2020-02-26 23:15:00,20482.66850400008,0.0
347,2020-02-28 18:45:00,8129.557799999837,0.0
1025,2020-02-29 20:45:00,0.0,1712.3804200000286
1026,2020-03-02 18:00:00,0.0,1791.619560000032
1027,2020-03-04 20:45:00,0.0,-6036.256512000018
348,2020-03-05 18:15:00,16243.788815999898,0.0
349,2020-03-06 17:00:00,3880.2172320003647,0.0
1028,2020-03-06 18:00:00,0.0,-5600.878144000017
1029,2020-03-08 19:00:00,0.0,1579.4995839999756
1030,2020-03-10 00:15:00,0.0,-5630.915771999984
1031,2020-03-11 05:15:00,0.0,-5199.617280000001
350,2020-03-11 17:15:00,19798.758504000038,0.0
351,2020-03-12 17:00:00,211133.00868000017,0.0
1032,2020-03-16 06:30:00,0.0,1594.1556000000446
352,2020-03-16 19:15:00,-81861.54807599996,0.0
353,2020-03-17 17:00:00,-29592.248591999974,0.0
1033,2020-03-18 02:15:00,0.0,1602.4317919999903
354,2020-03-18 17:00:00,-20053.652159999987,0.0
355,2020-03-19 18:15:00,128672.56200000003,0.0
356,2020-03-20 17:00:00,9060.820272000035,0.0
357,2020-03-23 17:45:00,-69115.81559999999,0.0
1034,2020-03-23 19:30:00,0.0,-5371.649855999982
358,2020-03-24 17:30:00,-4414.269911999983,0.0
359,2020-03-25 17:45:00,-9231.607919999857,0.0
1035,2020-03-26 18:30:00,0.0,1537.1805600000152
1036,2020-03-29 18:15:00,0.0,1564.5058000000065
360,2020-04-02 23:45:00,2371.4939999999388,0.0
361,2020-04-03 17:00:00,-4317.3398880001405,0.0
362,2020-04-06 17:00:00,1188.906168000105,0.0
1037,2020-04-07 19:45:00,0.0,-5126.18147999999
1038,2020-04-09 21:45:00,0.0,1528.586640000016
363,2020-04-10 17:00:00,5151.774060000069,0.0
1039,2020-04-10 17:15:00,0.0,1525.1493800000026
1040,2020-04-11 19:30:00,0.0,1500.031532
1041,2020-04-13 18:45:00,0.0,-5129.141999999993
1042,2020-04-14 23:15:00,0.0,-5045.818752000006
364,2020-04-16 17:30:00,-2539.981200000057,0.0
1043,2020-04-20 19:15:00,0.0,1400.5515960000102
365,2020-04-21 18:30:00,-22683.474239999938,0.0
1044,2020-04-21 19:00:00,0.0,-4722.520103999999
366,2020-04-22 17:00:00,130730.82960000026,0.0
367,2020-04-23 22:30:00,59862.89912400006,0.0
368,2020-04-24 17:00:00,-838.2047999999486,0.0
1045,2020-04-24 17:45:00,0.0,1400.6099839999952
1046,2020-04-26 19:00:00,0.0,1406.8178559999942
1047,2020-04-28 08:15:00,0.0,1438.2979200000118
370,2020-04-28 22:00:00,691732.1159879997,0.0
369,2020-04-29 17:00:00,350630.28171600006,0.0
1048,2020-05-01 05:30:00,0.0,1461.4936560000024
1049,2020-05-02 18:30:00,0.0,1429.7926160000134
371,2020-05-04 17:30:00,-6851.707104000248,0.0
372,2020-05-05 17:00:00,285.4717800000981,0.0
1050,2020-05-06 04:15:00,0.0,1434.5994879999926
1051,2020-05-06 17:15:00,0.0,1476.5333519999876
373,2020-05-06 18:45:00,67994.9018280005,0.0
374,2020-05-07 22:15:00,79655.16888000045,0.0
1052,2020-05-09 01:15:00,0.0,-4978.721540000011
1053,2020-05-11 02:30:00,0.0,-4914.527399999997
375,2020-05-11 17:00:00,-1962.566015999968,0.0
1054,2020-05-11 20:45:00,0.0,1432.1142639999962
376,2020-05-12 17:45:00,-29283.49709999961,0.0
1055,2020-05-12 18:45:00,0.0,1425.1899200000153
1056,2020-05-13 18:45:00,0.0,1448.1717600000156
377,2020-05-14 17:00:00,12615.192912000042,0.0
378,2020-05-20 17:00:00,-69423.37667999978,0.0
1057,2020-05-20 17:30:00,0.0,-4876.777827999998
379,2020-05-21 17:15:00,11436.40053600028,0.0
1058,2020-05-24 05:45:00,0.0,-4626.998168000011
1059,2020-05-25 19:30:00,0.0,-4376.718684000009
380,2020-05-25 19:45:00,-58375.2816000001,0.0
381,2020-05-26 17:00:00,-53969.58027599989,0.0
382,2020-05-27 19:30:00,13380.601703999826,0.0
1060,2020-05-28 19:00:00,0.0,1275.333216000021
1061,2020-05-29 17:15:00,0.0,1332.0823679999885
1062,2020-06-02 06:45:00,0.0,1357.1671200000055
1063,2020-06-03 00:45:00,0.0,-4358.320127999992
383,2020-06-04 22:30:00,14374.975896000127,0.0
1064,2020-06-06 09:00:00,0.0,1227.769972
384,2020-06-08 17:30:00,-74030.71384800001,0.0
385,2020-06-11 22:15:00,105587.74198800045,0.0
1065,2020-06-14 08:30:00,0.0,-4358.112767999992
386,2020-06-15 17:00:00,-7408.422012000299,0.0
387,2020-06-17 23:30:00,-8966.685420000575,0.0
1066,2020-06-18 01:45:00,0.0,1195.5469240000093
1067,2020-06-18 19:15:00,0.0,1196.596720000005
388,2020-06-18 23:00:00,7132.454112001098,0.0
1068,2020-06-20 00:30:00,0.0,1302.3767520000038
1069,2020-06-21 00:15:00,0.0,-4275.006767999999
389,2020-06-22 17:00:00,93421.50232800069,0.0
390,2020-06-24 17:00:00,269942.3952000019,0.0
391,2020-06-26 23:45:00,39869.00220000047,1263.7455360000167
392,2020-06-29 17:00:00,-38142.59999999967,0.0
1070,2020-06-30 02:30:00,0.0,1273.951104000007
393,2020-07-01 18:00:00,45855.992831999785,0.0
1071,2020-07-02 22:45:00,0.0,-4265.586239999975
394,2020-07-03 19:00:00,7294.918752000078,0.0
395,2020-07-06 17:00:00,80326.28520000065,0.0
396,2020-07-08 22:45:00,-165568.2087599983,0.0
1072,2020-07-09 22:00:00,0.0,-3980.110463999989
397,2020-07-10 17:00:00,-4815.293111999639,0.0
398,2020-07-16 17:00:00,28320.62436000144,0.0
399,2020-07-17 17:15:00,-69212.5368479997,0.0
1073,2020-07-18 18:45:00,0.0,1169.664540000007
400,2020-07-21 17:00:00,110285.26538400089,0.0
1074,2020-07-23 04:15:00,0.0,1197.0449479999988
1075,2020-07-24 01:15:00,0.0,1216.925291999998
1076,2020-07-25 06:30:00,0.0,1224.9287160000003
1077,2020-07-27 20:00:00,0.0,1190.0208000000202
401,2020-07-29 17:45:00,-2798.0393760003462,0.0
1078,2020-07-29 20:00:00,0.0,1290.058680000002
1079,2020-07-30 17:30:00,0.0,-4200.991079999985
402,2020-07-31 17:00:00,3342.8090880003365,0.0
403,2020-08-03 17:00:00,66804.28901999946,0.0
1080,2020-08-04 22:00:00,0.0,1162.9802519999976
404,2020-08-05 18:15:00,103207.21271999978,0.0
1081,2020-08-06 21:45:00,0.0,-4068.2442240000055
405,2020-08-06 22:30:00,13728.480000000032,0.0
406,2020-08-11 17:00:00,-378.7554239998936,0.0
1082,2020-08-14 06:30:00,0.0,1214.3411639999977
1083,2020-08-15 02:00:00,0.0,1237.3601040000012
407,2020-08-17 18:00:00,118121.10553200026,0.0
1084,2020-08-21 01:00:00,0.0,-4096.773323999996
1085,2020-08-24 03:30:00,0.0,1083.1873280000143
408,2020-08-25 17:00:00,136815.05880000006,0.0
1086,2020-08-26 22:30:00,0.0,1175.7580199999957
409,2020-08-28 18:15:00,19906.621776000477,0.0
1087,2020-08-30 02:00:00,0.0,1201.5633600000035
1088,2020-08-31 01:30:00,0.0,1214.2991160000056
411,2020-08-31 22:30:00,25568.09174400001,0.0
410,2020-09-01 17:00:00,-4434.985631999869,0.0
412,2020-09-02 19:30:00,56084.37355200002,0.0
413,2020-09-03 19:45:00,55368.31932000007,0.0
1089,2020-09-06 02:30:00,0.0,1179.252720000004
414,2020-09-07 17:00:00,3893.338943999748,0.0
1090,2020-09-07 21:15:00,0.0,1157.7808000000186
415,2020-09-08 19:15:00,-23866.260264000128,0.0
416,2020-09-10 22:45:00,-1350.4382639999983,0.0
1091,2020-09-11 00:15:00,0.0,1204.711040000002
1092,2020-09-13 21:00:00,0.0,1197.587280000007
417,2020-09-14 17:00:00,-95081.36399999972,0.0
418,2020-09-16 17:00:00,35996.26800000031,0.0
1093,2020-09-18 18:00:00,0.0,1271.255600000004
419,2020-09-18 18:15:00,-84623.86027200051,0.0
420,2020-09-21 17:15:00,280769.85753600067,0.0
1094,2020-09-25 00:45:00,0.0,1217.1056400000089
1095,2020-09-26 03:15:00,0.0,1245.1344400000016
1096,2020-09-30 01:30:00,0.0,1238.8355199999933
421,2020-10-01 17:15:00,-85683.14554800025,0.0
423,2020-10-02 17:00:00,-14359.246416000002,0.0
422,2020-10-02 17:00:00,-60087.53689199998,0.0
1097,2020-10-06 00:00:00,0.0,1368.373467999998
424,2020-10-08 17:45:00,-86296.09679999825,0.0
425,2020-10-09 19:45:00,11585.342040000389,0.0
1098,2020-10-12 00:45:00,0.0,1317.977439999995
426,2020-10-12 23:15:00,5773.75890000003,0.0
1099,2020-10-14 23:15:00,0.0,1336.0937999999987
427,2020-10-15 18:00:00,-90403.65385199797,0.0
428,2020-10-20 18:30:00,24347.61930000029,0.0
1100,2020-10-21 19:30:00,0.0,1417.7218399999947
429,2020-10-22 19:45:00,-112.90719600007289,0.0
1101,2020-10-23 20:30:00,0.0,1356.183144000015
1102,2020-10-27 03:30:00,0.0,-4473.553535999994
430,2020-10-27 19:30:00,216500.6538240004,0.0
432,2020-10-28 23:45:00,-60524.70091199989,0.0
1103,2020-10-29 00:00:00,0.0,-4516.736255999998
431,2020-10-29 17:00:00,-68820.96311999988,0.0
1104,2020-10-31 05:45:00,0.0,1266.1439360000077
1105,2020-11-02 17:30:00,0.0,1265.9497600000032
1106,2020-11-04 00:30:00,0.0,1275.6464320000086
433,2020-11-05 17:00:00,33433.27209600007,0.0
1107,2020-11-07 17:30:00,0.0,1256.8150840000162
1108,2020-11-09 02:45:00,0.0,1267.1657880000112
434,2020-11-09 17:00:00,-72439.69823999984,0.0
1109,2020-11-09 21:30:00,0.0,-4191.957363999987
1110,2020-11-11 19:30:00,0.0,1262.163336000007
435,2020-11-11 19:45:00,13771.105200000238,0.0
436,2020-11-12 17:00:00,17776.592640000235,0.0
1111,2020-11-16 03:00:00,0.0,-4270.718591999994
437,2020-11-18 17:45:00,-26710.491912000067,0.0
1112,2020-11-18 19:15:00,0.0,-4157.657855999991
438,2020-11-19 17:45:00,-32874.01135200013,0.0
1113,2020-11-19 18:15:00,0.0,1230.955655999991
439,2020-11-20 17:00:00,2329.2688319999725,0.0
1114,2020-11-22 19:00:00,0.0,1279.1232960000125
440,2020-11-23 17:00:00,-5269.857684000086,0.0
1115,2020-11-23 20:30:00,0.0,1295.32420800002
441,2020-11-24 18:00:00,130159.3103999996,0.0
442,2020-11-25 19:30:00,-64882.27569599991,0.0
443,2020-11-26 17:00:00,14222.337407999905,0.0
444,2020-11-27 17:15:00,-1277.0582879999492,0.0
1116,2020-11-28 17:45:00,0.0,-3900.501504
1117,2020-11-30 20:15:00,0.0,1078.5094199999912
445,2020-12-01 19:45:00,-62573.72600399985,0.0
446,2020-12-03 17:30:00,-1501.8148799996852,0.0
1118,2020-12-03 18:45:00,0.0,1116.5729400000057
1119,2020-12-07 23:15:00,0.0,1108.8625599999978
447,2020-12-08 17:30:00,30096.585024000204,0.0
448,2020-12-09 17:00:00,2486.561916000024,0.0
1120,2020-12-11 18:15:00,0.0,1238.8729200000234
449,2020-12-11 19:00:00,-67208.2316639997,0.0
1121,2020-12-12 18:00:00,0.0,1280.824440000004
1122,2020-12-15 08:15:00,0.0,1344.602400000018
1123,2020-12-16 18:00:00,0.0,1355.9868720000086
450,2020-12-16 19:00:00,161964.85442399982,0.0
451,2020-12-17 17:00:00,2128.888439999966,0.0
1124,2020-12-18 19:00:00,0.0,1346.3435600000048
1125,2020-12-20 17:30:00,0.0,1378.045940000011
452,2020-12-25 17:15:00,24461.41712399981,0.0
1126,2020-12-25 18:00:00,0.0,1373.2915200000025
1127,2020-12-26 17:30:00,0.0,1162.3937920000026
453,2020-12-30 17:00:00,11335.386000000108,0.0
454,2020-12-31 23:00:00,-63852.16530000004,0.0
455,2021-01-01 23:00:00,-63916.24319999992,0.0
1128,2021-01-01 23:30:00,0.0,1364.859599999996
1129,2021-01-08 19:15:00,0.0,1364.47383599999
456,2021-01-08 19:30:00,-2848.0779600001188,0.0
1130,2021-01-09 21:15:00,0.0,1419.401783999987
457,2021-01-11 22:45:00,-674.2258079999301,0.0
458,2021-01-14 17:00:00,8952.195539999993,0.0
1131,2021-01-15 23:00:00,0.0,1311.3711239999975
1132,2021-01-19 06:15:00,0.0,1258.1278800000146
459,2021-01-19 17:30:00,-69860.77111200007,0.0
1133,2021-01-19 19:00:00,0.0,1288.9633799999938
460,2021-01-20 19:15:00,-4128.9800759998325,0.0
461,2021-01-21 17:45:00,51268.11840000008,0.0
1134,2021-01-25 02:15:00,0.0,1476.9384480000151
1135,2021-01-26 08:45:00,0.0,1510.1022720000185
463,2021-01-26 22:15:00,22989.914280000085,1461.6000000000058
462,2021-01-27 18:15:00,18023.434200000007,0.0
1136,2021-01-28 23:00:00,0.0,1474.3655680000084
466,2021-01-29 18:15:00,3829.8054480001374,0.0
1137,2021-02-01 00:15:00,0.0,1533.677856000024
465,2021-02-01 17:45:00,13767.899507999971,1582.1929760000205
464,2021-02-02 17:00:00,60092.29195199919,0.0
1138,2021-02-04 00:30:00,0.0,1279.2101519999924
467,2021-02-04 17:30:00,-64140.13214400001,0.0
468,2021-02-05 23:30:00,30215.98440000009,1325.7540120000194
1139,2021-02-06 17:45:00,0.0,1375.0277760000026
1140,2021-02-08 02:00:00,0.0,1311.050184000007
469,2021-02-08 17:00:00,121452.55399200007,0.0
1141,2021-02-08 17:45:00,0.0,1360.021847999982
470,2021-02-09 17:00:00,-13637.35814399994,0.0
1142,2021-02-10 06:15:00,0.0,-5436.646199999981
471,2021-02-10 23:30:00,3519.1536480001523,0.0
472,2021-02-11 22:15:00,15320.937239999905,0.0
1143,2021-02-13 19:45:00,0.0,1635.7496999999858
1144,2021-02-14 22:30:00,0.0,-3782.122791999994
1145,2021-02-16 22:00:00,0.0,-3813.100760000001
473,2021-02-17 17:00:00,6523.372512000147,0.0
474,2021-02-19 18:00:00,180182.8332000005,0.0
1146,2021-02-20 21:00:00,0.0,1307.3970880000124
475,2021-02-23 17:15:00,-15425.442143999937,0.0
476,2021-02-25 18:30:00,-94363.62839999994,0.0
1147,2021-02-25 20:00:00,0.0,-3805.5559680000006
1148,2021-02-27 08:00:00,0.0,-3492.5798399999912
477,2021-03-01 17:45:00,51130.66492800022,0.0
478,2021-03-03 17:15:00,13334.406696000313,0.0
479,2021-03-04 19:00:00,11874.583008000043,0.0
1149,2021-03-09 06:15:00,0.0,1192.8297600000078
480,2021-03-09 23:00:00,-6429.46550400008,0.0
481,2021-03-10 22:45:00,-5949.720575999818,0.0
482,2021-03-11 22:30:00,4283.586935999971,0.0
1150,2021-03-13 19:00:00,0.0,1336.5698640000046
483,2021-03-15 18:45:00,21410.592540000034,0.0
1151,2021-03-16 21:45:00,0.0,-4210.295015999989
484,2021-03-17 19:00:00,5308.650000000052,0.0
1152,2021-03-19 02:45:00,0.0,-4556.716031999982
485,2021-03-19 18:15:00,-9464.320655999907,0.0
486,2021-03-22 19:45:00,-65029.20875999989,0.0
487,2021-03-24 17:15:00,12993.375912000134,0.0
1153,2021-03-25 17:15:00,0.0,1215.8623119999977
488,2021-03-26 17:15:00,38437.77615600015,0.0
1154,2021-03-26 23:45:00,0.0,1234.2400000000052
489,2021-03-29 17:30:00,30240.441216000065,0.0
490,2021-03-30 18:45:00,-2731.308228000038,0.0
491,2021-03-31 17:45:00,-9216.875147999825,0.0
1155,2021-04-01 02:30:00,0.0,1366.988312000001
1156,2021-04-03 06:15:00,0.0,1363.3469440000044
1157,2021-04-05 23:15:00,0.0,1350.331640000004
492,2021-04-07 19:45:00,-3336.2403840000043,0.0
493,2021-04-09 19:45:00,90163.525824,0.0
1158,2021-04-12 18:15:00,0.0,1407.0393440000043
494,2021-04-13 17:15:00,11485.82330399996,0.0
1159,2021-04-15 17:45:00,0.0,1447.7828480000026
495,2021-04-16 18:00:00,4726.1578800001735,0.0
1160,2021-04-17 20:30:00,0.0,1418.8983120000048
1161,2021-04-22 09:00:00,0.0,1247.853024000011
496,2021-04-23 17:00:00,-66748.53732,0.0
1162,2021-04-25 04:30:00,0.0,-3909.820464000004
497,2021-04-27 17:00:00,-6799.960199999987,0.0
1163,2021-04-27 17:30:00,0.0,1270.9632800000109
498,2021-04-29 22:45:00,30342.37869600003,0.0
1164,2021-04-30 21:30:00,0.0,1263.750167999999
499,2021-04-30 22:15:00,153893.4205440001,0.0
1165,2021-05-02 17:15:00,0.0,-4331.520768000002
500,2021-05-03 17:00:00,-46899.37934399999,0.0
501,2021-05-04 23:30:00,1185.2539200000028,0.0
502,2021-05-06 19:15:00,-48785.581511999946,0.0
503,2021-05-07 17:00:00,-44451.00681599986,0.0
1166,2021-05-10 19:15:00,0.0,1341.84902400001
504,2021-05-11 22:15:00,6456.776399999944,0.0
1167,2021-05-15 00:15:00,0.0,-3942.354431999993
1168,2021-05-16 19:15:00,0.0,-3787.467991999991
505,2021-05-17 22:15:00,7398.335951999965,0.0
1169,2021-05-18 02:45:00,0.0,-3274.3494720000017
506,2021-05-18 19:45:00,-65698.71235199994,0.0
507,2021-05-19 17:00:00,-2146.043903999962,0.0
1170,2021-05-20 20:00:00,0.0,1405.9196520000114
508,2021-05-26 17:00:00,-22443.6801599998,0.0
509,2021-05-28 17:00:00,10921.30884000031,0.0
1171,2021-05-31 18:15:00,0.0,1258.4876280000026
510,2021-06-02 22:30:00,9201.425760000093,0.0
511,2021-06-03 17:00:00,-5292.074496000074,0.0
1172,2021-06-04 02:30:00,0.0,1355.561615999999
512,2021-06-04 17:00:00,-7706.024496000144,0.0
1173,2021-06-04 18:30:00,0.0,1274.9331480000037
1174,2021-06-05 18:00:00,0.0,-4352.348160000009
513,2021-06-08 17:00:00,-2206.083959999989,0.0
514,2021-06-09 17:00:00,81684.91475999981,0.0
1175,2021-06-09 18:30:00,0.0,1187.8147920000338
516,2021-06-10 19:15:00,8188.04524799998,0.0
1176,2021-06-11 18:15:00,0.0,-4290.076860000001
515,2021-06-11 19:45:00,-63840.16494000007,0.0
1177,2021-06-13 20:45:00,0.0,1245.6443400000062
517,2021-06-14 22:00:00,-60201.687383999975,0.0
518,2021-06-18 22:00:00,17945.557775999943,0.0
1178,2021-06-21 05:15:00,0.0,-4126.147139999986
519,2021-06-21 17:00:00,7226.910852000052,0.0
1179,2021-06-22 02:45:00,0.0,1103.2456320000056
520,2021-06-23 22:00:00,-3196.112040000131,0.0
1180,2021-06-25 22:15:00,0.0,1127.649527999998
1181,2021-06-27 17:15:00,0.0,1158.4554600000192
521,2021-06-29 19:15:00,80083.71030000017,0.0
1182,2021-06-30 20:00:00,0.0,1208.952347999999
522,2021-07-01 17:00:00,-12274.346519999926,0.0
1183,2021-07-01 17:30:00,0.0,1165.675068000004
523,2021-07-02 18:45:00,-68317.27271999989,0.0
1184,2021-07-04 17:30:00,0.0,1233.3106079999852
524,2021-07-06 17:00:00,-81785.55679200019,0.0
1185,2021-07-07 20:30:00,0.0,-4018.162175999991
525,2021-07-08 17:00:00,-41338.26792000006,0.0
526,2021-07-09 23:15:00,-1629.1665600000706,0.0
1186,2021-07-11 18:30:00,0.0,1175.392200000009
527,2021-07-12 17:00:00,-240.40833599989128,0.0
1187,2021-07-13 00:45:00,0.0,1161.0866280000337
528,2021-07-14 17:00:00,-3157.6943159997973,0.0
1188,2021-07-15 20:00:00,0.0,1108.9632480000037
529,2021-07-16 17:45:00,-16671.349199999888,0.0
1189,2021-07-18 01:30:00,0.0,1102.3639320000038
1190,2021-07-19 01:15:00,0.0,1094.110608000003
530,2021-07-19 18:30:00,78574.53571200055,0.0
531,2021-07-20 17:00:00,-131.64883200003533,0.0
1191,2021-07-20 23:00:00,0.0,-4535.167535999979
532,2021-07-21 17:00:00,71833.10471999994,0.0
1192,2021-07-23 02:00:00,0.0,1125.7751280000048
1193,2021-07-24 01:30:00,0.0,-3699.677951999991
1194,2021-07-25 00:15:00,0.0,1179.992400000032
1195,2021-07-26 03:15:00,0.0,1199.6170920000077
1196,2021-07-28 19:15:00,0.0,932.2167040000058
533,2021-07-29 18:45:00,-78565.4498879998,0.0
1197,2021-07-29 19:45:00,0.0,-4626.806399999994
534,2021-07-30 17:45:00,-150711.66641999982,0.0
1198,2021-08-01 22:30:00,0.0,961.8866160000034
1199,2021-08-02 20:15:00,0.0,916.315512000001
535,2021-08-03 17:00:00,-4373.1239999998215,0.0
1200,2021-08-04 01:15:00,0.0,1323.4190040000103
536,2021-08-04 17:00:00,274.9677720003674,0.0
1201,2021-08-04 18:15:00,0.0,-4353.8929559999815
537,2021-08-06 17:00:00,51204.998040000064,0.0
538,2021-08-09 17:00:00,31152.69957600013,0.0
539,2021-08-11 17:00:00,9010.249584000092,0.0
540,2021-08-12 17:00:00,-5165.870723999782,0.0
1202,2021-08-12 18:15:00,0.0,1042.7049759999936
541,2021-08-13 18:30:00,-4148.231736000082,0.0
1203,2021-08-18 04:45:00,0.0,1055.4647439999972
1204,2021-08-20 00:00:00,0.0,1054.3798559999996
1205,2021-08-20 18:45:00,0.0,1097.017800000016
542,2021-08-20 22:30:00,17240.00879999998,0.0
1206,2021-08-21 22:15:00,0.0,1139.1199999999951
1207,2021-08-23 02:30:00,0.0,-3732.318696000002
543,2021-08-24 22:45:00,12257.907324000036,0.0
544,2021-08-25 17:45:00,4390.17024000008,0.0
545,2021-08-26 17:00:00,739.7460000002247,0.0
546,2021-08-27 23:30:00,50200.65547200042,0.0
1208,2021-08-29 21:15:00,0.0,1118.2854319999897
1209,2021-09-01 21:30:00,0.0,1108.5656000000015
547,2021-09-02 17:00:00,1281.278784000082,0.0
1210,2021-09-02 18:15:00,0.0,1155.5230880000015
1211,2021-09-05 05:15:00,0.0,1163.097895999992
1212,2021-09-06 18:45:00,0.0,1203.160063999996
548,2021-09-07 17:45:00,243040.18644,0.0
549,2021-09-08 17:00:00,-12914.688887999975,0.0
550,2021-09-09 17:30:00,9793.20326400017,0.0
551,2021-09-10 18:00:00,15166.05604800045,1067.199999999997
1213,2021-09-11 18:15:00,0.0,1043.6696720000036
552,2021-09-13 17:15:00,-60578.58503999996,0.0
553,2021-09-14 17:00:00,25222.09612799983,0.0
1214,2021-09-15 17:15:00,0.0,1097.5064479999855
554,2021-09-15 19:30:00,12642.984144000162,0.0
1215,2021-09-17 19:45:00,0.0,1101.933839999998
555,2021-09-20 17:00:00,22769.79406800022,0.0
1216,2021-09-22 07:45:00,0.0,1415.0358479999925
1217,2021-09-23 01:15:00,0.0,1005.313943999994
556,2021-09-23 17:15:00,14630.276640000156,0.0
1218,2021-09-23 17:30:00,0.0,1024.5184960000042
557,2021-09-24 17:15:00,-73163.73952799966,0.0
1219,2021-09-24 17:45:00,0.0,-3448.3192319999944
1220,2021-09-25 17:30:00,0.0,1465.9868880000067
558,2021-09-28 17:00:00,-7284.828959999926,0.0
1221,2021-10-01 05:30:00,0.0,1012.038287999996
559,2021-10-01 17:30:00,87757.22482800012,0.0
1222,2021-10-02 23:15:00,0.0,1113.3920720000024
1223,2021-10-04 20:30:00,0.0,-3642.366696000012
1224,2021-10-05 17:15:00,0.0,1150.2557680000027
560,2021-10-05 17:45:00,1981.386132000087,0.0
561,2021-10-08 17:15:00,-20663.47629599997,0.0
1225,2021-10-08 19:00:00,0.0,1281.446431999997
1226,2021-10-11 00:15:00,0.0,1279.6315519999916
562,2021-10-11 22:30:00,1510.8601200002886,0.0
1227,2021-10-13 01:00:00,0.0,1301.156272000022
563,2021-10-13 18:30:00,-66899.54054400005,0.0
564,2021-10-15 23:00:00,25598.689452000144,0.0
1228,2021-10-17 17:15:00,0.0,1405.6534320000064
1229,2021-10-20 01:45:00,0.0,1456.6112480000156
565,2021-10-20 22:00:00,62494.77907200022,0.0
566,2021-10-21 18:00:00,-80478.25024799985,-5059.744511999976
1230,2021-10-22 23:00:00,0.0,1448.0709600000118
567,2021-10-22 23:30:00,11340.033516000192,0.0
1231,2021-10-23 18:30:00,0.0,1403.8215600000112
568,2021-10-26 23:15:00,82578.51288000005,0.0
569,2021-10-27 17:00:00,-647.214239999943,0.0
570,2021-10-28 18:00:00,18289.526399999944,0.0
1232,2021-10-28 22:45:00,0.0,-4715.539239999998
572,2021-11-01 17:00:00,33315.93903600008,0.0
571,2021-11-02 19:00:00,3431.4335640000645,0.0
573,2021-11-04 17:00:00,2474.888472000486,0.0
1233,2021-11-06 01:15:00,0.0,1411.975200000015
1234,2021-11-08 01:45:00,0.0,1443.651608
574,2021-11-08 18:30:00,27909.71178000007,0.0
575,2021-11-10 23:30:00,-15255.917351999597,0.0
1235,2021-11-11 00:30:00,0.0,-2622.8363519999984
576,2021-11-12 19:00:00,3104.493372000012,0.0
1236,2021-11-13 18:30:00,0.0,-4890.663191999993
577,2021-11-15 18:45:00,-63562.80218400019,0.0
1237,2021-11-15 19:00:00,0.0,-2533.4449920000043
579,2021-11-16 19:00:00,6249.311952000047,0.0
1238,2021-11-17 02:45:00,0.0,1402.8965760000135
578,2021-11-18 18:00:00,70558.64229600033,0.0
1239,2021-11-18 18:45:00,0.0,1373.4135919999972
580,2021-11-22 23:30:00,-62535.30091199987,0.0
1240,2021-11-23 02:45:00,0.0,1331.1025520000112
1241,2021-11-23 17:45:00,0.0,1300.108088000008
1242,2021-11-25 21:00:00,0.0,1345.8317680000036
581,2021-11-26 17:15:00,33982.59816000005,0.0
1243,2021-11-28 20:00:00,0.0,1269.4610800000082
1244,2021-11-30 21:30:00,0.0,1344.0570239999945
583,2021-11-30 22:00:00,-16230.37732799985,0.0
1245,2021-12-01 17:30:00,0.0,1336.3473760000052
582,2021-12-01 23:00:00,-15258.899999999834,0.0
1246,2021-12-03 20:15:00,0.0,-4374.212312000003
584,2021-12-06 18:45:00,-23518.98760800001,0.0
1247,2021-12-07 18:00:00,0.0,1187.9121520000044
585,2021-12-07 18:15:00,-27256.67418000001,0.0
586,2021-12-08 19:30:00,-36505.978799999866,0.0
1248,2021-12-09 17:45:00,0.0,1148.5995600000024
587,2021-12-09 18:45:00,43120.44324000021,0.0
588,2021-12-10 17:00:00,-62582.41558799983,0.0
1249,2021-12-10 18:30:00,0.0,-3680.222207999992
1250,2021-12-11 17:45:00,0.0,1124.6245840000047
1251,2021-12-12 22:30:00,0.0,1150.488000000012
1252,2021-12-13 22:00:00,0.0,1127.2534320000125
1253,2021-12-15 17:30:00,0.0,-3730.775343999994
589,2021-12-15 18:45:00,-63581.18659200001,0.0
1254,2021-12-16 19:15:00,0.0,-3773.998888000002
591,2021-12-17 23:30:00,-93878.21242799998,0.0
590,2021-12-20 18:00:00,-13429.36770000033,0.0
592,2021-12-21 17:15:00,-1894.7305079999787,0.0
1255,2021-12-21 19:15:00,0.0,1128.7238479999942
1256,2021-12-22 17:45:00,0.0,1147.484064000004
593,2021-12-22 22:45:00,-405.3059999997349,0.0
1257,2021-12-25 03:45:00,0.0,-3945.599231999993
1258,2021-12-27 21:45:00,0.0,1186.6238000000158
594,2021-12-27 22:30:00,-4470.020280000164,0.0
1259,2021-12-28 23:15:00,0.0,1138.6059520000126
1260,2021-12-29 18:45:00,0.0,1104.930199999988
595,2021-12-31 17:30:00,-162077.08003200017,0.0
1261,2022-01-01 04:00:00,0.0,1083.1447040000055
1262,2022-01-02 01:30:00,0.0,-3646.518568
596,2022-01-05 18:15:00,-88246.8012959995,0.0
1263,2022-01-06 00:15:00,0.0,-3575.207423999993
1264,2022-01-06 18:45:00,0.0,992.9602320000122
597,2022-01-06 19:00:00,6603.933744000125,0.0
1265,2022-01-07 22:45:00,0.0,964.605208000008
1266,2022-01-09 23:00:00,0.0,962.1040000000066
1267,2022-01-11 17:15:00,0.0,981.6358480000054
598,2022-01-11 23:30:00,-74918.9054879997,0.0
1268,2022-01-12 21:00:00,0.0,996.1133439999976
1269,2022-01-13 23:00:00,0.0,1019.0711920000032
599,2022-01-13 23:15:00,-74048.66135999994,0.0
1270,2022-01-14 17:15:00,0.0,984.8604560000094
600,2022-01-14 19:45:00,-78793.44556799973,0.0
1271,2022-01-15 19:45:00,0.0,1000.6591520000076
1272,2022-01-16 23:00:00,0.0,-3312.348671999993
601,2022-01-18 17:15:00,19272.73729199969,0.0
1273,2022-01-19 23:45:00,0.0,985.459904000003
1274,2022-01-22 00:00:00,0.0,1337.3630159999957
1275,2022-01-24 08:30:00,0.0,-4184.834687999981
1276,2022-01-24 18:00:00,0.0,1216.6006920000143
602,2022-01-24 18:15:00,18809.54765999999,0.0
1277,2022-01-25 22:00:00,0.0,1270.8957359999913
603,2022-01-25 23:30:00,-2032.8524639999669,0.0
1278,2022-01-28 06:00:00,0.0,-4099.2192
604,2022-02-01 18:00:00,-52757.363735999694,0.0
1279,2022-02-01 22:15:00,0.0,1344.1527839999908
605,2022-02-02 23:45:00,13904.138400000376,0.0
606,2022-02-03 19:00:00,-77956.50508799993,0.0
1280,2022-02-06 00:30:00,0.0,967.24349600001
1281,2022-02-07 23:15:00,0.0,993.718464000005
607,2022-02-07 23:30:00,7635.315359999979,0.0
1282,2022-02-09 07:00:00,0.0,1025.7046400000108
1283,2022-02-10 18:45:00,0.0,1024.742080000011
608,2022-02-10 19:00:00,-82869.83423999984,0.0
1284,2022-02-12 03:45:00,0.0,990.8450480000174
1285,2022-02-12 22:45:00,0.0,978.7244400000054
1286,2022-02-15 00:30:00,0.0,985.1102240000182
609,2022-02-15 17:15:00,13499.892168000037,0.0
611,2022-02-16 23:30:00,240746.60880000016,0.0
1287,2022-02-17 01:15:00,0.0,1008.0249200000108
610,2022-02-17 18:15:00,235038.7203839994,0.0
1288,2022-02-18 20:30:00,0.0,1404.653567999987
1289,2022-02-21 20:00:00,0.0,1332.6189599999925
612,2022-02-23 17:15:00,-4278.060023999889,1330.5891359999878
1290,2022-02-25 05:45:00,0.0,1328.8157280000014
1291,2022-02-26 07:00:00,0.0,1355.8569839999982
1292,2022-02-27 21:15:00,0.0,-4540.29241200001
613,2022-02-28 23:30:00,241235.03791200023,0.0
1293,2022-03-01 17:45:00,0.0,1010.6752879999984
1294,2022-03-03 18:30:00,0.0,1505.6460120000193
1295,2022-03-04 23:15:00,0.0,1433.0942159999977
1296,2022-03-06 18:30:00,0.0,1351.774680000024
1297,2022-03-08 06:00:00,0.0,-4330.399140000016
1298,2022-03-08 17:30:00,0.0,1349.9417639999956
614,2022-03-08 18:15:00,209681.95161600027,0.0
615,2022-03-09 17:30:00,-3881.960927999826,1451.6673000000228
1299,2022-03-12 20:00:00,0.0,-4519.324859999993
1300,2022-03-15 17:45:00,0.0,-4425.952859999983
1301,2022-03-18 20:15:00,0.0,-4646.014847999999
1302,2022-03-20 00:45:00,0.0,974.3817280000076
1303,2022-03-25 20:00:00,0.0,1026.192087999996
1304,2022-03-27 04:15:00,0.0,1031.1457520000113
1305,2022-03-28 02:00:00,0.0,1042.840000000011
1306,2022-03-28 19:00:00,0.0,1093.6686480000062
616,2022-03-28 22:30:00,1154.7621359999755,0.0
1307,2022-03-29 18:30:00,0.0,-3657.9271679999943
617,2022-03-31 23:15:00,73400.1663960008,0.0
1308,2022-04-04 00:00:00,0.0,1081.9230080000125
1309,2022-04-05 07:00:00,0.0,1077.5981840000022
1310,2022-04-05 21:15:00,0.0,-3590.012887999983
618,2022-04-05 23:30:00,44263.8896400002,0.0
1311,2022-04-06 20:45:00,0.0,1041.6163919999965
619,2022-04-08 17:30:00,-84983.90976000053,0.0
1312,2022-04-08 18:00:00,0.0,-3356.1853439999977
620,2022-04-11 18:45:00,54533.27589600023,0.0
1313,2022-04-13 05:00:00,0.0,-4527.717120000001
621,2022-04-13 23:00:00,55051.01409600035,0.0
1314,2022-04-15 01:30:00,0.0,926.6086959999956
1315,2022-04-18 18:00:00,0.0,-2985.590016000002
623,2022-04-19 22:45:00,6836.1135840002025,0.0
622,2022-04-20 18:30:00,6839.722080000211,963.8152319999936
624,2022-04-21 17:15:00,56465.56560000063,0.0
1316,2022-04-21 18:45:00,0.0,968.7825840000004
1317,2022-04-22 18:15:00,0.0,936.6594400000032
625,2022-04-22 18:45:00,27512.969232000105,0.0
1318,2022-04-25 09:00:00,0.0,915.2230240000064
626,2022-04-25 18:00:00,-63091.042992,0.0
1319,2022-04-26 04:15:00,0.0,923.6854960000056
1320,2022-04-26 17:15:00,0.0,-3122.343167999992
1321,2022-04-28 17:30:00,0.0,918.250256000014
627,2022-04-28 17:45:00,-12420.51170399852,0.0
628,2022-04-29 18:15:00,-7212.983831999794,909.6775679999992
1322,2022-04-30 18:45:00,0.0,894.4270880000113
629,2022-05-03 23:00:00,52608.83992800032,0.0
1323,2022-05-03 23:30:00,0.0,1334.04622799997
630,2022-05-04 17:15:00,-10327.776900000208,0.0
631,2022-05-05 23:45:00,98902.77480000016,0.0
1324,2022-05-06 17:45:00,0.0,1260.823775999983
1325,2022-05-08 05:45:00,0.0,1245.3152160000172
1326,2022-05-09 18:45:00,0.0,1164.61256400001
632,2022-05-09 19:30:00,46785.25958400004,0.0
633,2022-05-11 19:15:00,-65265.28300800012,0.0
1327,2022-05-15 23:00:00,0.0,1050.3308160000051
1328,2022-05-17 05:00:00,0.0,-4542.981119999997
634,2022-05-17 17:30:00,-70662.77164799997,0.0
1329,2022-05-18 06:45:00,0.0,-3507.346943999997
635,2022-05-18 22:00:00,21316.73596800019,0.0
1330,2022-05-20 02:15:00,0.0,1046.9904480000075
1331,2022-05-24 07:15:00,0.0,1018.5998879999934
637,2022-05-24 23:00:00,-4277.704319999884,0.0
1332,2022-05-25 00:30:00,0.0,-3354.109055999997
636,2022-05-26 17:15:00,-15640.233647999545,0.0
1333,2022-05-28 01:00:00,0.0,1004.0256479999988
1334,2022-05-31 20:45:00,0.0,1107.3830640000124
1335,2022-06-01 20:45:00,0.0,1094.9284680000128
638,2022-06-01 23:45:00,174690.63951600002,0.0
1336,2022-06-05 18:45:00,0.0,-3415.678847999996
639,2022-06-06 17:30:00,-428.9310479999695,0.0
1337,2022-06-08 05:30:00,0.0,-3611.259648000003
1338,2022-06-09 18:30:00,0.0,-3523.3055999999888
640,2022-06-09 19:15:00,-64208.98814399987,0.0
641,2022-06-10 22:15:00,21008.99721600029,0.0
1339,2022-06-11 17:45:00,0.0,1014.4496399999916
1340,2022-06-13 05:00:00,0.0,954.3799080000026
642,2022-06-13 17:15:00,13073.557344000015,0.0
643,2022-06-15 17:15:00,-72622.97928000007,0.0
1341,2022-06-17 06:00:00,0.0,1201.3296400000036
1342,2022-06-19 17:15:00,0.0,-3515.519999999997
644,2022-06-21 17:30:00,-3144.3405119999807,0.0
1343,2022-06-23 00:45:00,0.0,1178.3188200000222
645,2022-06-23 18:45:00,31146.172799999917,0.0
1344,2022-06-24 22:45:00,0.0,987.0167359999904
1345,2022-06-27 02:30:00,0.0,1229.8511399999916
646,2022-06-27 17:45:00,-73669.16591999974,0.0
647,2022-06-30 17:30:00,7352.081880000056,0.0
648,2022-07-01 19:30:00,1704.769200000061,0.0
1346,2022-07-02 07:30:00,0.0,1123.602580000006
1347,2022-07-06 04:45:00,0.0,1183.5172600000078
1348,2022-07-07 06:00:00,0.0,1183.2349400000203
1349,2022-07-07 19:00:00,0.0,1192.380680000024
649,2022-07-07 23:30:00,108192.20641199996,0.0
1350,2022-07-11 17:15:00,0.0,1187.1318200000132
650,2022-07-12 19:45:00,16879.375968000095,0.0
1351,2022-07-13 03:45:00,0.0,1140.1371599999948
651,2022-07-13 17:30:00,-84301.6848119995,0.0
1352,2022-07-13 21:30:00,0.0,-3850.5772799999977
652,2022-07-15 18:00:00,3227.2978080001085,0.0
653,2022-07-18 17:00:00,37138.38357600001,0.0
1353,2022-07-20 00:45:00,0.0,1040.3076800000126
655,2022-07-20 22:30:00,-65077.194599999966,0.0
1354,2022-07-21 22:15:00,0.0,1052.271728000007
654,2022-07-22 18:00:00,7032.821868000341,1068.435168000011
1355,2022-07-23 19:15:00,0.0,1316.4161400000012
1356,2022-07-25 07:45:00,0.0,-4414.782720000003
1357,2022-07-25 23:15:00,0.0,1264.7683000000145
656,2022-07-26 22:30:00,-2443.150079999901,0.0
657,2022-07-27 22:45:00,233138.8058399995,0.0
1358,2022-07-31 08:00:00,0.0,1094.127712000016
658,2022-08-02 18:45:00,-65391.785471999785,0.0
1359,2022-08-02 21:45:00,0.0,1056.593200000003
659,2022-08-03 17:15:00,15317.934983999992,0.0
1360,2022-08-05 19:45:00,0.0,1077.3824800000002
660,2022-08-08 17:15:00,1513.04832000006,0.0
661,2022-08-09 18:45:00,101324.43988800046,0.0
1361,2022-08-09 22:30:00,0.0,1080.906560000003
662,2022-08-10 22:30:00,21511.47024000025,0.0
1362,2022-08-10 23:15:00,0.0,1115.198688000004
1363,2022-08-12 21:45:00,0.0,-3651.016703999994
1364,2022-08-14 17:30:00,0.0,1152.5648640000145
663,2022-08-16 23:30:00,-83857.55033999964,0.0
1365,2022-08-17 01:15:00,0.0,1111.976464000007
664,2022-08-17 17:15:00,22734.725327999982,0.0
1366,2022-08-19 03:15:00,0.0,1347.801500000005
665,2022-08-19 17:15:00,10299.286920000108,0.0
1367,2022-08-21 06:30:00,0.0,-4025.391660000005
666,2022-08-22 17:00:00,-56105.20473600004,0.0
1368,2022-08-23 06:15:00,0.0,-4037.5083600000103
667,2022-08-23 23:00:00,1835.535024000012,0.0
1369,2022-08-26 04:45:00,0.0,-4155.780479999994
1370,2022-08-27 22:30:00,0.0,1167.655360000008
1371,2022-08-28 22:00:00,0.0,1155.601860000006
1372,2022-08-29 23:00:00,0.0,1170.635739999998
1373,2022-08-30 17:30:00,0.0,-3925.198080000009
1374,2022-09-01 18:45:00,0.0,1155.4846999999972
668,2022-09-01 23:45:00,-92804.49287999992,0.0
669,2022-09-02 22:15:00,-84831.97873200005,0.0
1375,2022-09-05 00:00:00,0.0,1149.4575200000145
1376,2022-09-08 20:15:00,0.0,1122.967580000004
670,2022-09-09 19:30:00,5351.607612000029,0.0
1377,2022-09-11 18:00:00,0.0,1256.8994399999974
671,2022-09-12 17:15:00,-472.6403760000248,0.0
1378,2022-09-13 18:45:00,0.0,1035.92472000001
672,2022-09-13 19:30:00,-83291.63673600013,0.0
1379,2022-09-15 01:00:00,0.0,1167.2210799999991
673,2022-09-16 23:15:00,-1786.393151999604,0.0
1380,2022-09-17 00:00:00,0.0,1140.3855599999952
1381,2022-09-18 01:30:00,0.0,-3846.913819999991
1382,2022-09-21 17:30:00,0.0,-3622.7347199999895
674,2022-09-22 17:30:00,10317.484080000388,0.0
1383,2022-09-23 02:30:00,0.0,1106.091460000007
1384,2022-09-23 23:15:00,0.0,-3575.488260000002
1385,2022-09-24 17:45:00,0.0,1110.6888600000093
1386,2022-09-27 01:00:00,0.0,1108.5818400000062
1387,2022-09-27 18:45:00,0.0,-3873.778059999968
1388,2022-09-30 01:45:00,0.0,1134.406340000005
675,2022-09-30 22:00:00,-78708.21076799912,0.0
1389,2022-10-02 17:45:00,0.0,1117.404119999992
1390,2022-10-04 01:15:00,0.0,1122.5287799999933
676,2022-10-04 17:00:00,9561.396816000117,0.0
677,2022-10-05 22:30:00,-87366.6707760002,0.0
1391,2022-10-06 02:15:00,0.0,-3889.7932799999935
678,2022-10-06 17:45:00,-455.06915999990815,0.0
679,2022-10-07 22:00:00,13890.803472000203,0.0
1392,2022-10-09 19:45:00,0.0,-3751.063680000007
680,2022-10-10 17:15:00,12630.743724000113,0.0
681,2022-10-13 19:15:00,-66347.93246399928,0.0
1393,2022-10-15 17:30:00,0.0,1114.599900000012
682,2022-10-20 23:30:00,-77884.9496280009,1127.83558000001
683,2022-10-21 17:45:00,-42208.34313599998,0.0
1394,2022-10-25 19:00:00,0.0,-3698.989439999986
684,2022-10-25 22:45:00,421990.3372440027,0.0
1395,2022-10-26 17:15:00,0.0,942.050847999999
685,2022-10-26 17:30:00,4721.457743999934,0.0
686,2022-10-28 17:15:00,-65945.12227200011,0.0
1396,2022-10-30 23:00:00,0.0,958.0027040000132
687,2022-10-31 19:15:00,-36956.38989599991,0.0
1397,2022-11-01 17:30:00,0.0,955.573663999996
689,2022-11-01 23:30:00,-48932.91691200029,0.0
688,2022-11-02 22:00:00,-64574.65808400013,0.0
690,2022-11-04 17:30:00,16336.89619200019,0.0
1398,2022-11-07 05:00:00,0.0,983.4247999999934
691,2022-11-08 23:45:00,-67798.34611200014,0.0
1399,2022-11-09 18:30:00,0.0,1043.438559999995
692,2022-11-09 18:45:00,48986.00533200016,0.0
1400,2022-11-13 06:30:00,0.0,1173.8916000000029
1401,2022-11-14 17:15:00,0.0,1183.4255039999916
693,2022-11-15 17:15:00,-50468.39427599956,0.0
1402,2022-11-15 18:30:00,0.0,1172.2876800000083
694,2022-11-16 18:00:00,57246.153300000406,0.0
1403,2022-11-19 17:30:00,0.0,1154.7175920000009
695,2022-11-22 23:00:00,1982.791512000393,0.0
1404,2022-11-23 01:00:00,0.0,1130.3944800000063
1405,2022-11-23 20:15:00,0.0,1148.5009920000157
1406,2022-11-25 23:30:00,0.0,1143.4267440000112
696,2022-11-29 18:45:00,64782.21182400014,0.0
1407,2022-11-30 04:00:00,0.0,1142.8097280000002
1408,2022-12-01 04:45:00,0.0,1179.2589360000202
1409,2022-12-04 06:15:00,0.0,1176.839952000002
697,2022-12-06 19:30:00,26048.20712400023,0.0
1410,2022-12-11 07:45:00,0.0,1188.4998480000068
1411,2022-12-13 06:45:00,0.0,1196.7490319999924
698,2022-12-13 18:45:00,61087.24620000002,0.0
1412,2022-12-14 17:45:00,0.0,1243.4046480000034
699,2022-12-14 18:00:00,-1745.657640000136,0.0
1413,2022-12-15 18:00:00,0.0,1230.616872000006
700,2022-12-15 22:30:00,13464.817884000247,0.0
701,2022-12-16 18:00:00,6297.365843999804,0.0
1414,2022-12-19 01:45:00,0.0,1354.294200000004
1415,2022-12-20 17:15:00,0.0,1368.2432960000117
1416,2022-12-22 05:00:00,0.0,1360.60344000001
702,2022-12-22 22:45:00,115089.91344000226,0.0
703,2022-12-30 23:45:00,-80134.99919999987,0.0
1417,2022-12-31 23:15:00,0.0,1349.2110800000155
1418,2023-01-05 01:30:00,0.0,1373.374604000015
704,2023-01-05 23:30:00,-70095.06789599732,0.0
1419,2023-01-09 18:45:00,0.0,1400.6194159999832
705,2023-01-09 19:15:00,-3722.57801999991,0.0
706,2023-01-10 17:45:00,163177.14261600145,0.0
1420,2023-01-12 03:30:00,0.0,1424.6157800000035
1421,2023-01-12 22:00:00,0.0,1267.6166639999865
1422,2023-01-13 18:30:00,0.0,1315.8466080000144
707,2023-01-13 18:45:00,684.1185480001222,0.0
1423,2023-01-15 08:45:00,0.0,1472.4019679999983
1424,2023-01-17 00:15:00,0.0,-4763.031119999985
708,2023-01-17 23:15:00,3903.080712000323,0.0
1425,2023-01-17 23:30:00,0.0,54.54155999999784
