,Size,EntryBar,ExitBar,EntryPrice,ExitPrice,PnL,ReturnPct,EntryTime,ExitTime,Tag,Duration
0,612,597,614,4196.587963999999,4175.0,-13211.833967999617,-0.005144170498793232,2017-08-23 18:15:00,2017-08-23 22:30:00,,0 days 04:15:00
1,681,1190,1209,4539.735168,4517.16,-15373.689408000206,-0.004972794042949813,2017-08-29 22:30:00,2017-08-30 03:15:00,,0 days 04:45:00
2,-651,1271,1370,4480.2072,4631.99,-98810.60279999996,-0.03387852240405298,2017-08-30 18:45:00,2017-08-31 19:30:00,,1 days 00:45:00
3,1668,1371,1400,4634.813184,4651.08,27133.049088000484,0.003509702625373423,2017-08-31 19:45:00,2017-09-01 03:00:00,,0 days 07:15:00
4,750,1460,1481,4747.2181279999995,4740.0,-5413.595999999643,-0.0015204963844879238,2017-09-01 18:00:00,2017-09-01 23:15:00,,0 days 05:15:00
5,435,1940,1957,4514.615124,4454.64,-26089.178939999823,-0.013284659345858207,2017-09-06 18:00:00,2017-09-06 22:15:00,,0 days 04:15:00
6,285,2027,2044,4693.6367040000005,4702.06,2400.639359999982,0.001794620361823318,2017-09-07 22:30:00,2017-09-08 02:45:00,,0 days 04:15:00
7,-588,2123,2145,4420.2312,4262.03,93022.30560000025,0.03579025459120788,2017-09-08 22:30:00,2017-09-09 04:00:00,,0 days 05:30:00
8,-429,2685,2705,3754.79748,3564.05,81830.66892,0.05080100352043482,2017-09-14 19:00:00,2017-09-15 00:00:00,,0 days 05:00:00
9,-150,2778,2797,3008.7960000000003,3451.16,-66354.59999999993,-0.14702359349055216,2017-09-15 18:15:00,2017-09-15 23:00:00,,0 days 04:45:00
10,381,3278,3320,4047.6784239999997,3820.95,-86383.52954399996,-0.05601443599265532,2017-09-20 23:15:00,2017-09-21 09:45:00,,0 days 10:30:00
11,-516,3454,3470,3599.0598,3627.94,-14902.18320000003,-0.008024373476650748,2017-09-22 19:15:00,2017-09-22 23:15:00,,0 days 04:00:00
12,384,3759,3777,3912.354316,3904.19,-3135.0973439999507,-0.00208680383742621,2017-09-25 23:30:00,2017-09-26 04:00:00,,0 days 04:30:00
13,624,3934,3959,4021.7080399999995,4090.0,42614.183040000295,0.016980834839517733,2017-09-27 19:15:00,2017-09-28 01:30:00,,0 days 06:15:00
14,-546,4048,4114,4127.338404,4070.0,31306.768584000045,0.013892343778845628,2017-09-28 23:45:00,2017-09-29 16:15:00,,0 days 16:30:00
15,768,4414,4445,4471.788,4382.01,-68949.50399999949,-0.020076533145131026,2017-10-02 19:15:00,2017-10-03 03:00:00,,0 days 07:45:00
16,-384,4509,4536,4240.3032,4275.0,-13323.57119999989,-0.008182622412472806,2017-10-03 19:00:00,2017-10-04 01:45:00,,0 days 06:45:00
17,-624,4601,4628,4255.457136,4211.01,27735.01286399986,0.01044473826888992,2017-10-04 18:00:00,2017-10-05 00:45:00,,0 days 06:45:00
18,-600,5174,5209,4753.5578160000005,4885.99,-79459.3103999996,-0.02785959256753867,2017-10-10 17:15:00,2017-10-11 02:00:00,,0 days 08:45:00
19,300,5366,5390,5156.551796,5210.0,16034.461200000078,0.010365105619895232,2017-10-12 17:15:00,2017-10-12 23:15:00,,0 days 06:00:00
20,681,6159,6187,5811.543688,5941.02,88173.36847200047,0.022279160056449587,2017-10-20 23:30:00,2017-10-21 06:30:00,,0 days 07:00:00
21,468,6044,6187,5687.103932,5941.02,118832.7198240002,0.04464769257535006,2017-10-19 18:45:00,2017-10-21 06:30:00,,1 days 11:45:00
22,-312,6423,6455,5809.705188,5730.0,24868.01865599997,0.013719317146183574,2017-10-23 17:30:00,2017-10-24 01:30:00,,0 days 08:00:00
23,249,6614,6689,5652.259999999999,5681.88,7375.380000000199,0.005240381723417009,2017-10-25 17:15:00,2017-10-26 12:00:00,,0 days 18:45:00
24,882,6719,6752,5736.99388,5855.61,104619.41783999972,0.020675657405442305,2017-10-26 19:30:00,2017-10-27 03:45:00,,0 days 08:15:00
25,-285,6827,6936,5718.751584000001,5694.99,6772.0514400002185,0.00415502993109218,2017-10-27 22:30:00,2017-10-29 01:45:00,,1 days 03:15:00
26,858,7103,7119,6216.505608,6099.98,-99978.97166400071,-0.018744551255619246,2017-10-30 19:30:00,2017-10-30 23:30:00,,0 days 04:00:00
27,600,7290,7305,6502.630012,6529.98,16409.992799999964,0.004205988646059922,2017-11-01 18:15:00,2017-11-01 22:00:00,,0 days 03:45:00
28,255,7388,7395,6984.812808,6735.01,-63699.71603999986,-0.03576370832928977,2017-11-02 18:45:00,2017-11-02 20:30:00,,0 days 01:45:00
29,198,7480,7546,7291.935608,6950.0,-67703.25038399996,-0.04689229669346795,2017-11-03 17:45:00,2017-11-04 10:15:00,,0 days 16:30:00
30,-333,8058,8079,7152.147996000001,7131.0,7042.282668000201,0.002956873377316538,2017-11-09 18:15:00,2017-11-09 23:30:00,,0 days 05:15:00
31,-342,8159,8182,7057.156008,6850.0,70847.35473599998,0.029354035501718778,2017-11-10 19:30:00,2017-11-11 01:15:00,,0 days 05:45:00
32,123,8446,8464,6325.539204,6405.03,9777.367908000006,0.01256664348072234,2017-11-13 19:15:00,2017-11-13 23:45:00,,0 days 04:30:00
33,-360,8535,8563,6429.317244000001,6456.06,-9627.392159999872,-0.004159501699026791,2017-11-14 17:30:00,2017-11-15 00:30:00,,0 days 07:00:00
34,213,8727,8742,7401.939591999999,7480.19,16667.336904000167,0.010571608566567248,2017-11-16 17:30:00,2017-11-16 21:15:00,,0 days 03:45:00
35,462,9303,9323,8321.317196,8160.02,-74519.30455199978,-0.019383613459361237,2017-11-22 17:30:00,2017-11-22 22:30:00,,0 days 05:00:00
36,-576,9400,9417,8126.7480000000005,8158.0,-18001.15199999971,-0.0038455726694122117,2017-11-23 17:45:00,2017-11-23 22:00:00,,0 days 04:15:00
37,162,9494,9636,8336.213151999998,8545.97,33980.609376000146,0.02516212627668679,2017-11-24 17:15:00,2017-11-26 04:45:00,,1 days 11:30:00
38,75,9984,10004,10824.328,10770.89,-4007.8500000000076,-0.0049368422686378866,2017-11-29 19:45:00,2017-11-30 00:45:00,,0 days 05:00:00
39,183,10643,10673,12437.883163999999,12505.01,12284.210988000234,0.005396966277532833,2017-12-06 17:00:00,2017-12-07 00:30:00,,0 days 07:30:00
40,165,10547,10673,11773.697596,12505.01,120666.54666000004,0.062114080817606165,2017-12-05 17:00:00,2017-12-07 00:30:00,,1 days 07:30:00
41,30,10739,10754,14345.735999999999,13799.98,-16372.679999999982,-0.03804308123333644,2017-12-07 17:00:00,2017-12-07 20:45:00,,0 days 03:45:00
42,42,11219,11293,16884.7512,15142.03,-73194.29039999993,-0.10321272604834109,2017-12-12 17:00:00,2017-12-13 11:30:00,,0 days 18:30:00
43,-87,11315,11316,16034.313708,15889.11,12632.722595999921,0.009055810597465852,2017-12-13 17:00:00,2017-12-13 17:15:00,,0 days 00:15:00
44,57,11507,11508,16920.355435999998,17010.06,5113.160148000188,0.005301576810209596,2017-12-15 17:00:00,2017-12-15 17:15:00,,0 days 00:15:00
45,-30,12175,12212,12701.147508,12969.98,-8064.974759999986,-0.021166000302781374,2017-12-22 17:00:00,2017-12-23 02:15:00,,0 days 09:15:00
46,63,12559,12601,15022.126448,15600.0,36406.033775999946,0.03846815921836,2017-12-26 17:00:00,2017-12-27 03:30:00,,0 days 10:30:00
47,27,12655,12656,16054.729323999998,16120.0,1762.3082520000517,0.004065510833772157,2017-12-27 17:00:00,2017-12-27 17:15:00,,0 days 00:15:00
48,-51,12751,12754,14024.068128,14054.99,-1577.0154719999482,-0.0022049145595821606,2017-12-28 17:00:00,2017-12-28 17:45:00,,0 days 00:45:00
49,33,13327,13330,14980.99,15002.59,712.800000000012,0.001441827275767471,2018-01-03 17:00:00,2018-01-03 17:45:00,,0 days 00:45:00
50,-105,13418,13515,14312.2728,15280.62,-101676.45600000002,-0.06765852031551556,2018-01-04 17:30:00,2018-01-05 17:45:00,,1 days 00:15:00
51,108,13516,13562,15732.2904,16450.0,77512.63680000001,0.04562015966855015,2018-01-05 18:00:00,2018-01-06 05:30:00,,0 days 11:30:00
52,-54,13905,13925,14593.11042,14749.55,-8447.737319999913,-0.010720098422992486,2018-01-09 19:15:00,2018-01-10 00:15:00,,0 days 05:00:00
53,-39,13824,13972,14355.315576,14229.51,4906.417464000026,0.008763692817058577,2018-01-08 23:00:00,2018-01-10 12:00:00,,1 days 13:00:00
54,-39,13993,14084,13294.68,13237.54,2228.4599999999773,0.004297959785417915,2018-01-10 17:15:00,2018-01-11 16:00:00,,0 days 22:45:00
55,-72,14088,14089,13694.510004,13699.98,-393.8397119999863,-0.0003994298443976696,2018-01-11 17:00:00,2018-01-11 17:15:00,,0 days 00:15:00
56,96,14493,14507,13979.309487999999,14069.97,8703.409152000037,0.006485335493704003,2018-01-15 22:15:00,2018-01-16 01:45:00,,0 days 03:30:00
57,-54,14568,14586,11729.306400000001,11599.0,7036.54560000007,0.011109471912167046,2018-01-16 17:00:00,2018-01-16 21:30:00,,0 days 04:30:00
58,-24,14665,14699,10442.561304,10287.97,3710.1912960000336,0.014803964228659594,2018-01-17 17:15:00,2018-01-18 01:45:00,,0 days 08:30:00
59,48,15147,15166,11755.85046,10471.0,-61672.82207999998,-0.10929455630384055,2018-01-22 17:45:00,2018-01-22 22:30:00,,0 days 04:45:00
60,-51,15240,15244,10424.508528,10526.99,-5226.555071999974,-0.009830820486619318,2018-01-23 17:00:00,2018-01-23 18:00:00,,0 days 01:00:00
61,84,15336,15367,11001.318768,11070.09,5776.783488000081,0.006251180740261653,2018-01-24 17:00:00,2018-01-25 00:45:00,,0 days 07:45:00
62,-129,15528,15548,10805.885916,10749.78,7237.663163999821,0.005192162534024547,2018-01-26 17:00:00,2018-01-26 22:00:00,,0 days 05:00:00
63,-81,15934,15960,10633.69482,10350.42,22945.260420000042,0.026639359582448563,2018-01-30 22:30:00,2018-01-31 05:00:00,,0 days 06:30:00
64,-132,16110,16155,9681.365904,9399.96,37145.579328000145,0.029066756363762103,2018-02-01 18:30:00,2018-02-02 05:45:00,,0 days 11:15:00
65,-39,16200,16221,8602.197744,8799.5,-7694.787984000033,-0.02293626139176097,2018-02-02 17:00:00,2018-02-02 22:15:00,,0 days 05:15:00
66,-57,16488,16540,7824.099108,7070.9,42932.34915600004,0.09626656022670621,2018-02-05 17:00:00,2018-02-06 06:00:00,,0 days 13:00:00
67,-33,16584,16684,6120.95064,7781.56,-54800.108880000014,-0.2712992568749093,2018-02-06 17:00:00,2018-02-07 18:00:00,,1 days 01:00:00
68,3,16684,16709,7784.672624,8159.0,1122.9821280000006,0.04808517892530961,2018-02-07 18:00:00,2018-02-08 00:15:00,,0 days 06:15:00
69,51,17024,17041,8704.38036,8709.99,286.09164000002966,0.0006444617270837671,2018-02-12 17:00:00,2018-02-12 21:15:00,,0 days 04:15:00
70,306,17216,17262,8838.88414,9270.01,131924.51316000003,0.04877605059319179,2018-02-14 17:00:00,2018-02-15 04:30:00,,0 days 11:30:00
71,75,17312,17365,9833.972016,9990.0,11702.098800000022,0.015866222086674764,2018-02-15 17:00:00,2018-02-16 06:15:00,,0 days 13:15:00
72,69,17696,17735,10731.760987999998,10940.0,14368.491828000126,0.019403992712179186,2018-02-19 17:00:00,2018-02-20 02:45:00,,0 days 09:45:00
73,57,17792,17850,11511.602799999999,11510.92,-38.919599999924685,-5.931406875836487e-05,2018-02-20 17:00:00,2018-02-21 07:30:00,,0 days 14:30:00
74,-87,17911,17929,10735.15422,10662.41,6328.747140000043,0.006776262223087137,2018-02-21 22:45:00,2018-02-22 03:15:00,,0 days 04:30:00
75,-75,17993,18017,10175.908008,10035.0,10568.100600000025,0.013847217161281566,2018-02-22 19:15:00,2018-02-23 01:15:00,,0 days 06:00:00
76,-138,18368,18388,9395.320368,9968.67,-79122.24921599992,-0.061025021983582395,2018-02-26 17:00:00,2018-02-26 22:00:00,,0 days 05:00:00
77,60,18464,18556,10710.502487999998,10718.55,482.8507200000604,0.0007513664283274046,2018-02-27 17:00:00,2018-02-28 16:00:00,,0 days 23:00:00
78,108,18560,18561,10780.3104,10777.0,-357.5232000000324,-0.0003070783564822488,2018-02-28 17:00:00,2018-02-28 17:15:00,,0 days 00:15:00
79,105,19040,19094,11559.361895999999,11588.0,3007.000920000155,0.002477481391936598,2018-03-05 17:00:00,2018-03-06 06:30:00,,0 days 13:30:00
80,-168,19145,19164,11055.566004,10992.64,10571.56867200014,0.005691793977552484,2018-03-06 19:15:00,2018-03-07 00:00:00,,0 days 04:45:00
81,-108,19232,19245,10545.78,10583.08,-4028.3999999999214,-0.0035369598076195885,2018-03-07 17:00:00,2018-03-07 20:15:00,,0 days 03:15:00
82,-57,19348,19381,9678.487056000002,9448.16,13128.642192000108,0.023797836858934995,2018-03-08 22:00:00,2018-03-09 06:15:00,,0 days 08:15:00
83,-51,19424,19720,8616.552,9845.0,-62650.84800000001,-0.14256839626801998,2018-03-09 17:00:00,2018-03-12 19:00:00,,3 days 02:00:00
84,-141,19912,19931,8911.58394,8752.0,22501.335540000062,0.017907472013331094,2018-03-14 19:00:00,2018-03-14 23:45:00,,0 days 04:45:00
85,-120,19819,19931,8876.308056000002,8752.0,14916.9667200002,0.014004477448929298,2018-03-13 19:45:00,2018-03-14 23:45:00,,1 days 04:00:00
86,-15,19424,19968,8616.552,8244.97,5573.730000000005,0.04312421024094093,2018-03-09 17:00:00,2018-03-15 09:00:00,,5 days 16:00:00
87,-48,20000,20001,7846.860000000001,7835.01,568.8000000000175,0.001510158203408829,2018-03-15 17:00:00,2018-03-15 17:15:00,,0 days 00:15:00
88,99,20119,20138,8447.3776,8494.02,4617.597600000063,0.005521524218356388,2018-03-16 22:45:00,2018-03-17 03:30:00,,0 days 04:45:00
89,141,20408,20542,8643.456,8813.86,24026.964000000065,0.019714799265479144,2018-03-19 23:00:00,2018-03-21 08:30:00,,1 days 09:30:00
90,102,20581,20598,9048.618,9028.99,-2002.0560000000623,-0.0021691710270010933,2018-03-21 18:15:00,2018-03-21 22:30:00,,0 days 04:15:00
91,-237,20679,20710,8781.495996000001,8644.0,32586.551052000348,0.01565746839292892,2018-03-22 18:45:00,2018-03-23 02:30:00,,0 days 07:45:00
92,-111,20768,20769,8480.6064,8499.0,-2041.689599999936,-0.002168901506854448,2018-03-23 17:00:00,2018-03-23 17:15:00,,0 days 00:15:00
93,-276,21062,21112,8309.244972,8170.0,38431.612272000115,0.016757836899648493,2018-03-26 18:30:00,2018-03-27 07:00:00,,0 days 12:30:00
94,-186,21152,21230,7871.85,7854.78,3175.020000000115,0.002168486442196027,2018-03-27 17:00:00,2018-03-28 12:30:00,,0 days 19:30:00
95,228,21256,21328,8063.2139959999995,7755.0,-70272.79108799988,-0.03822470743712103,2018-03-28 19:00:00,2018-03-29 13:00:00,,0 days 18:00:00
96,-366,21344,21363,7501.9980000000005,7500.0,731.2680000001837,0.0002663290499411719,2018-03-29 17:00:00,2018-03-29 21:45:00,,0 days 04:45:00
97,288,21824,21876,7384.9528,7378.05,-1988.0063999999547,-0.0009347114581422789,2018-04-03 17:00:00,2018-04-04 06:00:00,,0 days 13:00:00
98,-153,21945,21969,6873.259596000001,6891.03,-2718.871811999841,-0.0025854405397900404,2018-04-04 23:15:00,2018-04-05 05:15:00,,0 days 06:00:00
99,-225,22114,22127,6587.3640000000005,6600.0,-2843.0999999998903,-0.0019182179700407698,2018-04-06 17:30:00,2018-04-06 20:45:00,,0 days 03:15:00
100,102,22400,22496,7152.86,6703.86,-45798.0,-0.06277209395961891,2018-04-09 17:00:00,2018-04-10 17:00:00,,1 days 00:00:00
101,-39,22496,22613,6701.178456,6932.0,-9002.040216000014,-0.0344449182357367,2018-04-10 17:00:00,2018-04-11 22:15:00,,1 days 05:15:00
102,309,22613,22680,6934.7728,6945.11,3194.194799999981,0.0014906328293839977,2018-04-11 22:15:00,2018-04-12 15:00:00,,0 days 16:45:00
103,51,22784,22813,8115.234796,8100.0,-776.9745959999864,-0.0018773080980366563,2018-04-13 17:00:00,2018-04-14 00:15:00,,0 days 07:15:00
104,204,23367,23408,8234.182356,8215.1,-3892.800623999792,-0.0023174560842819103,2018-04-19 18:45:00,2018-04-20 05:00:00,,0 days 10:15:00
105,270,23467,23484,8491.405204,8476.01,-4156.705080000102,-0.0018130337241176742,2018-04-20 19:45:00,2018-04-21 00:00:00,,0 days 04:15:00
106,102,23744,23838,8956.040984,9235.17,28471.15963200008,0.03116656304930565,2018-04-23 17:00:00,2018-04-24 16:30:00,,0 days 23:30:00
107,177,23840,23865,9241.705204,9279.0,6601.178892000024,0.004035488600508286,2018-04-24 17:00:00,2018-04-24 23:15:00,,0 days 06:15:00
108,-123,23946,23974,9041.6319,9088.99,-5825.0462999999345,-0.005237782352099485,2018-04-25 19:30:00,2018-04-26 02:30:00,,0 days 07:00:00
109,120,24131,24148,9263.704,9241.01,-2723.2799999999406,-0.0024497760291131154,2018-04-27 17:45:00,2018-04-27 22:00:00,,0 days 04:15:00
110,327,24608,24627,9133.652,9085.01,-15905.933999999943,-0.005325580611128977,2018-05-02 17:00:00,2018-05-02 21:45:00,,0 days 04:45:00
111,126,24800,24889,9783.912,9805.0,2657.087999999967,0.0021553750687863804,2018-05-04 17:00:00,2018-05-05 15:15:00,,0 days 22:15:00
112,-159,25088,25216,9306.136056000001,9177.1,20516.73290400013,0.013865696270022432,2018-05-07 17:00:00,2018-05-09 01:00:00,,1 days 08:00:00
113,-180,25280,25281,9066.372000000001,9105.0,-6953.039999999783,-0.004260579645309015,2018-05-09 17:00:00,2018-05-09 17:15:00,,0 days 00:15:00
114,171,25379,25404,9357.821632,9349.62,-1402.4790719997309,-0.0008764467119091179,2018-05-10 17:45:00,2018-05-11 00:00:00,,0 days 06:15:00
115,-123,25472,25501,8757.4956,8630.0,15681.958800000024,0.014558454359942852,2018-05-11 17:00:00,2018-05-12 00:15:00,,0 days 07:15:00
116,-144,25760,25866,8343.401304,8810.71,-67292.45222399975,-0.05600937543013318,2018-05-14 17:00:00,2018-05-15 19:30:00,,1 days 02:30:00
117,-6,25760,25945,8343.401304,8203.01,842.347824000004,0.016826627281213757,2018-05-14 17:00:00,2018-05-16 15:15:00,,1 days 22:15:00
118,-129,25952,25953,8203.717200000001,8218.57,-1916.011199999839,-0.0018104963442668875,2018-05-16 17:00:00,2018-05-16 17:15:00,,0 days 00:15:00
119,-210,26533,26554,8257.325748,8242.97,3014.707079999989,0.0017385468901329748,2018-05-22 18:15:00,2018-05-22 23:30:00,,0 days 05:15:00
120,-129,26624,26641,7854.676872,7855.17,-63.613512000008996,-6.27814495790524e-05,2018-05-23 17:00:00,2018-05-23 21:15:00,,0 days 04:15:00
121,-144,26721,26739,7407.2958960000005,7530.0,-17669.390975999922,-0.016565303414740162,2018-05-24 17:15:00,2018-05-24 21:45:00,,0 days 04:30:00
122,-297,26816,26993,7398.509412,7311.65,25797.24536400021,0.011740123200913888,2018-05-25 17:00:00,2018-05-27 13:15:00,,1 days 20:15:00
123,-201,27104,27183,7209.6649800000005,7115.99,18828.670980000137,0.012992972663758984,2018-05-28 17:00:00,2018-05-29 12:45:00,,0 days 19:45:00
124,324,27392,27437,7559.402552,7550.26,-2962.1868479997866,-0.0012094278532078784,2018-05-31 17:00:00,2018-06-01 04:15:00,,0 days 11:15:00
125,-267,27872,27873,7434.035196000001,7443.67,-2572.492667999826,-0.0012960395997565488,2018-06-05 17:00:00,2018-06-05 17:15:00,,0 days 00:15:00
126,-1071,28160,28185,7603.997184000001,7577.26,28635.52406400056,0.0035162011969520623,2018-06-08 17:00:00,2018-06-08 23:15:00,,0 days 06:15:00
127,-177,28644,28660,6512.433984,6469.05,7678.96516800001,0.0066617157435434615,2018-06-13 18:00:00,2018-06-13 22:00:00,,0 days 04:00:00
128,369,29337,29396,6756.281432,6747.31,-3310.4584079997667,-0.0013278653487563963,2018-06-20 23:15:00,2018-06-21 14:00:00,,0 days 14:45:00
129,-435,29504,29546,6494.30124,6170.0,141071.0393999999,0.04993627921084853,2018-06-22 17:00:00,2018-06-23 03:30:00,,0 days 10:30:00
130,-111,29812,29934,6090.522816000001,6088.83,187.902576000075,0.00027794264156655313,2018-06-25 22:00:00,2018-06-27 14:30:00,,1 days 16:30:00
131,132,30438,30476,6598.23824,6629.86,4174.072319999999,0.004792455023570064,2018-07-02 22:15:00,2018-07-03 07:45:00,,0 days 09:30:00
132,189,30601,30947,6735.192999999999,6723.2,-2266.6769999999024,-0.0017806468203657166,2018-07-04 22:30:00,2018-07-08 13:00:00,,3 days 14:30:00
133,225,31060,31161,6728.550343999999,6453.87,-61803.07739999987,-0.04082310898438002,2018-07-09 17:15:00,2018-07-10 18:30:00,,1 days 01:15:00
134,-423,31160,31186,6546.100512000001,6383.7,68695.41657600045,0.024808740975225785,2018-07-10 18:15:00,2018-07-11 00:45:00,,0 days 06:30:00
135,-375,31347,31366,6180.47682,6171.99,3182.55750000003,0.001373165897578743,2018-07-12 17:00:00,2018-07-12 21:45:00,,0 days 04:45:00
136,423,31736,31785,6502.599999999999,6656.12,64938.96000000018,0.02360901793128911,2018-07-16 18:15:00,2018-07-17 06:30:00,,0 days 12:15:00
137,411,32040,32154,7484.242499999999,7287.03,-81054.33749999985,-0.02635036211079478,2018-07-19 22:15:00,2018-07-21 02:45:00,,1 days 04:30:00
138,186,32509,32527,8106.171172,8148.68,7906.642007999999,0.00524400818808668,2018-07-24 19:30:00,2018-07-25 00:00:00,,0 days 04:30:00
139,204,32403,32527,7758.102,8148.68,79677.91200000008,0.050344530144099675,2018-07-23 17:00:00,2018-07-25 00:00:00,,1 days 07:00:00
140,-147,32808,32831,7870.860396000001,8282.99,-60583.05178799983,-0.052361442493560784,2018-07-27 22:15:00,2018-07-28 04:00:00,,0 days 05:45:00
141,-882,33175,33208,8027.827584000001,7741.06,252929.00908800014,0.035721691952072754,2018-07-31 18:00:00,2018-08-01 02:15:00,,0 days 08:15:00
142,-429,33384,33450,7503.667332,7325.0,76648.28542799999,0.02381066805001586,2018-08-02 22:15:00,2018-08-03 14:45:00,,0 days 16:30:00
143,-168,33747,33778,6985.384728000001,6972.94,2090.7143040002193,0.0017815379516776808,2018-08-06 17:00:00,2018-08-07 00:45:00,,0 days 07:45:00
144,396,34422,34450,6477.610008000001,6305.39,-68199.1231680001,-0.026586967691371477,2018-08-13 17:45:00,2018-08-14 00:45:00,,0 days 07:00:00
145,153,34611,34657,6422.567999999999,6500.0,11847.096000000107,0.012056236695353162,2018-08-15 17:00:00,2018-08-16 04:30:00,,0 days 11:30:00
146,396,34708,34759,6406.191452,6240.0,-65811.81499200001,-0.02594231740422237,2018-08-16 17:15:00,2018-08-17 06:00:00,,0 days 12:45:00
147,-699,35096,35164,6403.447596000001,6297.05,74371.91960400049,0.016615673729642677,2018-08-20 18:15:00,2018-08-21 11:15:00,,0 days 17:00:00
148,555,35475,35556,6536.623604,6698.52,89852.49978000006,0.024767587336821606,2018-08-24 17:00:00,2018-08-25 13:15:00,,0 days 20:15:00
149,273,35859,35891,6934.152552,7049.0,31353.35330400012,0.016562578792252758,2018-08-28 17:00:00,2018-08-29 01:00:00,,0 days 08:00:00
150,384,35962,35986,7116.265367999999,6928.99,-71913.74131199985,-0.02631652395119055,2018-08-29 18:45:00,2018-08-30 00:45:00,,0 days 06:00:00
151,-600,36054,36080,6937.433916,6882.0,33260.34959999997,0.007990550493338966,2018-08-30 17:45:00,2018-08-31 00:15:00,,0 days 06:30:00
152,-681,36168,36184,6907.565868000001,7012.71,-71603.15389199962,-0.015221589487418363,2018-08-31 22:15:00,2018-09-01 02:15:00,,0 days 04:00:00
153,858,36541,36575,7317.9259999999995,7366.87,41993.952000000354,0.006688233797390142,2018-09-04 19:30:00,2018-09-05 04:00:00,,0 days 08:30:00
154,-651,36635,36654,7147.169988,7017.18,84623.48218799959,0.01818761666761115,2018-09-05 19:00:00,2018-09-05 23:45:00,,0 days 04:45:00
155,-441,36830,36973,6360.50478,6183.34,78129.66798000003,0.027853886779093062,2018-09-07 19:45:00,2018-09-09 07:30:00,,1 days 11:45:00
156,354,37400,37435,6428.6504319999995,6488.96,21349.587072000206,0.009381373063900966,2018-09-13 18:15:00,2018-09-14 03:00:00,,0 days 08:45:00
157,-537,37799,37822,6452.418000000001,6298.0,82922.4660000003,0.023931803550235053,2018-09-17 22:00:00,2018-09-18 03:45:00,,0 days 05:45:00
158,381,38163,38192,6716.6856,6709.99,-2551.023600000005,-0.000996860713563863,2018-09-21 17:00:00,2018-09-22 00:15:00,,0 days 07:15:00
159,-234,38547,38597,6405.316848,6416.95,-2722.157567999866,-0.0018161712021524945,2018-09-25 17:00:00,2018-09-26 05:30:00,,0 days 12:30:00
160,768,38653,38668,6473.448343999999,6499.97,20368.631808000617,0.004096990443212878,2018-09-26 19:30:00,2018-09-26 23:15:00,,0 days 03:45:00
161,-345,39134,39159,6580.6966680000005,6594.7,-4831.149539999765,-0.0021279406583338822,2018-10-01 19:45:00,2018-10-02 02:00:00,,0 days 06:15:00
162,-1875,39227,39262,6575.9185800000005,6572.01,7328.587500000481,0.0005943777971776365,2018-10-02 19:00:00,2018-10-03 03:45:00,,0 days 08:45:00
163,-699,40666,40685,6730.686648000001,6753.9,-16226.133047999196,-0.003448883184436591,2018-10-17 18:45:00,2018-10-17 23:30:00,,0 days 04:45:00
164,-1155,40758,40817,6720.3108,6621.89,113676.02399999986,0.014645275036981875,2018-10-18 17:45:00,2018-10-19 08:30:00,,0 days 14:45:00
165,-999,41221,41241,6569.391192000001,6582.74,-13335.459191998827,-0.002031970331779709,2018-10-23 17:00:00,2018-10-23 22:00:00,,0 days 05:00:00
166,-354,41150,41241,6555.3768,6582.74,-9686.572799999922,-0.004174161277807897,2018-10-22 23:15:00,2018-10-23 22:00:00,,0 days 22:45:00
167,1428,41317,41388,6617.19582,6551.05,-94456.23095999961,-0.009996049958213238,2018-10-24 17:00:00,2018-10-25 10:45:00,,0 days 17:45:00
168,-999,41413,41414,6551.268444,6553.47,-2199.3544439999823,-0.0003360503418259331,2018-10-25 17:00:00,2018-10-25 17:15:00,,0 days 00:15:00
169,-405,41898,41958,6350.568756,6340.02,4272.246179999688,0.001661072638577843,2018-10-30 18:15:00,2018-10-31 09:15:00,,0 days 15:00:00
170,-1155,41990,42020,6325.658724,6384.8,-68308.17378000033,-0.009349425661490995,2018-10-31 17:15:00,2018-11-01 00:45:00,,0 days 07:30:00
171,1428,42085,42163,6386.943756,6428.27,59013.876432001096,0.006470425539786273,2018-11-01 17:00:00,2018-11-02 12:30:00,,0 days 19:30:00
172,2727,42569,42611,6486.973752,6482.0,-13563.421703999664,-0.0007667291698947309,2018-11-06 18:00:00,2018-11-07 04:30:00,,0 days 10:30:00
173,-2001,42757,42758,6534.385200000001,6532.91,2951.8752000015375,0.00022575957107651146,2018-11-08 17:00:00,2018-11-08 17:15:00,,0 days 00:15:00
174,-651,42860,42886,6434.445192000001,6438.15,-2411.830007999084,-0.0005757773808696687,2018-11-09 18:45:00,2018-11-10 01:15:00,,0 days 06:30:00
175,-1110,43316,43366,6360.25488,5889.4,522648.9168000009,0.07403081934351674,2018-11-14 19:45:00,2018-11-15 08:15:00,,0 days 12:30:00
176,-1428,43141,43366,6438.4435920000005,5889.4,784034.2493760013,0.08527582546226042,2018-11-12 17:00:00,2018-11-15 08:15:00,,2 days 15:15:00
177,-681,43497,43509,5654.047476000001,5697.25,-29420.918843999563,-0.00764099066790358,2018-11-16 17:00:00,2018-11-16 20:00:00,,0 days 03:00:00
178,-75,43411,43587,5588.033892,5597.7,-724.958099999958,-0.0017297869316501568,2018-11-15 19:30:00,2018-11-17 15:30:00,,1 days 20:00:00
179,-237,43786,43854,5269.901196000001,4971.68,70678.4234520001,0.05658952320137589,2018-11-19 17:15:00,2018-11-20 10:15:00,,0 days 17:00:00
180,-78,43881,43947,4574.439492,4462.56,8726.600376000002,0.024457530194827215,2018-11-20 17:00:00,2018-11-21 09:30:00,,0 days 16:30:00
181,252,43981,44080,4708.292563999999,4559.16,-37581.406127999886,-0.031674447153152596,2018-11-21 18:00:00,2018-11-22 18:45:00,,1 days 00:45:00
182,-231,44080,44101,4557.336336,4549.67,1770.9236160000528,0.0016821966681372924,2018-11-22 18:45:00,2018-11-23 00:00:00,,0 days 05:15:00
183,-177,44462,44496,4021.1908800000006,3878.43,25268.67576000013,0.03550213960497217,2018-11-26 18:15:00,2018-11-27 02:45:00,,0 days 08:30:00
184,-168,44558,44637,3768.7119119999998,4142.35,-62771.1987840001,-0.09914211983417864,2018-11-27 18:15:00,2018-11-28 14:00:00,,0 days 19:45:00
185,225,44669,44705,4206.9321,4227.16,4551.277499999969,0.004808230681926151,2018-11-28 22:00:00,2018-11-29 07:00:00,,0 days 09:00:00
186,318,44750,44852,4350.119352,4082.38,-85141.11393599988,-0.06154758762582102,2018-11-29 18:15:00,2018-11-30 19:45:00,,1 days 01:30:00
187,-441,44851,44876,4115.343204,4078.59,16208.162963999843,0.008930774950744458,2018-11-30 19:30:00,2018-12-01 01:45:00,,0 days 06:15:00
188,-396,45321,45373,3857.65632,3798.55,23406.102719999948,0.015321821099915867,2018-12-05 17:00:00,2018-12-06 06:00:00,,0 days 13:00:00
189,-399,45443,45465,3666.3928560000004,3673.89,-2991.3604559997925,-0.002044828335220572,2018-12-06 23:30:00,2018-12-07 05:00:00,,0 days 05:30:00
190,1071,46004,46040,3446.448028,3445.81,-683.3279879998386,-0.0001851262502194917,2018-12-12 19:45:00,2018-12-13 04:45:00,,0 days 09:00:00
191,213,46595,46662,3571.6280799999995,3682.02,23513.478960000102,0.030908011004326275,2018-12-18 23:30:00,2018-12-19 16:15:00,,0 days 16:45:00
192,258,46676,46692,3776.1998759999997,3761.93,-3681.6280079999588,-0.003778898487522664,2018-12-19 19:45:00,2018-12-19 23:45:00,,0 days 04:00:00
193,714,46762,46783,3930.1514319999997,3967.86,26923.917552000334,0.009594685765278888,2018-12-20 17:15:00,2018-12-20 22:30:00,,0 days 05:15:00
194,-714,47340,47355,3723.170136,3737.09,-9938.782895999972,-0.0037387128418888693,2018-12-26 17:45:00,2018-12-26 21:30:00,,0 days 03:45:00
195,750,48029,48076,3809.17306,3830.78,16205.205000000093,0.0056723440126398295,2019-01-02 22:00:00,2019-01-03 09:45:00,,0 days 11:45:00
196,-681,48227,48266,3710.8750560000003,3834.23,-84004.7168639998,-0.033241470579978394,2019-01-04 23:30:00,2019-01-05 09:15:00,,0 days 09:45:00
197,936,48607,48646,4032.572384,3937.63,-88866.07142399995,-0.023543875957863003,2019-01-08 22:30:00,2019-01-09 08:15:00,,0 days 09:45:00
198,-249,48784,48826,3731.2968840000003,3586.79,35982.21411600009,0.03872832650214819,2019-01-10 18:45:00,2019-01-11 05:15:00,,0 days 10:30:00
199,-732,50601,50714,3375.059436,3464.45,-65433.892847999865,-0.026485626607495316,2019-01-29 17:00:00,2019-01-30 21:15:00,,1 days 04:15:00
200,3750,51281,51300,3471.9682319999997,3455.0,-63630.86999999893,-0.004887208311299962,2019-02-05 19:00:00,2019-02-05 23:45:00,,0 days 04:45:00
201,-969,51395,51543,3397.200576,3404.86,-7421.981855999946,-0.0022546281353272857,2019-02-06 23:30:00,2019-02-08 12:30:00,,1 days 13:00:00
202,1875,51565,51615,3439.6653159999996,3640.37,376321.2825000005,0.05835006186979852,2019-02-08 18:00:00,2019-02-09 06:30:00,,0 days 12:30:00
203,-2001,51951,51966,3596.970636,3636.11,-78317.86736400022,-0.0108812019782083,2019-02-12 18:30:00,2019-02-12 22:15:00,,0 days 03:45:00
204,-1875,52046,52079,3615.8930640000003,3609.21,12530.745000000536,0.0018482471361050967,2019-02-13 18:15:00,2019-02-14 02:30:00,,0 days 08:15:00
205,-2307,52139,52166,3604.427652,3602.52,4400.953163999702,0.0005292524040374502,2019-02-14 17:30:00,2019-02-15 00:15:00,,0 days 06:45:00
206,462,52526,52577,3749.4991999999997,3879.88,60235.92960000017,0.034772857132493895,2019-02-18 18:15:00,2019-02-19 07:00:00,,0 days 12:45:00
207,1251,52717,52738,3939.3251,3942.71,4234.50990000002,0.0008592588613720586,2019-02-20 18:00:00,2019-02-20 23:15:00,,0 days 05:15:00
208,-2001,52905,52906,3933.166104,3965.78,-65260.40589600059,-0.008292021017579865,2019-02-22 17:00:00,2019-02-22 17:15:00,,0 days 00:15:00
209,2001,53386,53409,3830.121436,3794.34,-71598.65343599951,-0.00934211528221629,2019-02-27 17:15:00,2019-02-27 23:00:00,,0 days 05:45:00
210,3750,53484,53511,3837.594424,3812.04,-95829.08999999972,-0.0066589694419464385,2019-02-28 17:45:00,2019-03-01 00:30:00,,0 days 06:45:00
211,3750,53578,53628,3836.243884,3842.8,24585.435000000758,0.0017089935359282382,2019-03-01 17:15:00,2019-03-02 05:45:00,,0 days 12:30:00
212,-525,53871,53889,3719.8114800000003,3718.46,709.5270000001392,0.00036331948736290087,2019-03-04 18:30:00,2019-03-04 23:00:00,,0 days 04:30:00
213,1365,53981,54015,3796.518,3840.22,59653.22999999969,0.011511074094736173,2019-03-05 22:00:00,2019-03-06 06:30:00,,0 days 08:30:00
214,-3333,54801,54825,3861.434808,3884.64,-77342.90493599966,-0.006009473978927149,2019-03-14 17:00:00,2019-03-14 23:00:00,,0 days 06:00:00
215,1875,54905,54949,3895.267484,3920.32,46973.46750000037,0.0064315264876941836,2019-03-15 19:00:00,2019-03-16 06:00:00,,0 days 11:00:00
216,-999,55953,55961,3930.367224,3933.75,-3379.3932239999217,-0.000860676829214313,2019-03-26 17:00:00,2019-03-26 19:00:00,,0 days 02:00:00
217,-750,55500,56049,3908.436,3996.45,-66010.49999999975,-0.022518982017359246,2019-03-21 23:45:00,2019-03-27 17:00:00,,5 days 17:15:00
218,-360,55500,56227,3908.436,4052.53,-51873.84000000002,-0.03686743239495294,2019-03-21 23:45:00,2019-03-29 13:30:00,,7 days 13:45:00
219,1668,56243,56266,4053.690828,4087.75,56810.698896000365,0.008402015211605107,2019-03-29 17:30:00,2019-03-29 23:15:00,,0 days 05:45:00
220,135,56625,56651,4661.874004,4706.99,6090.659459999938,0.009677652369259437,2019-04-02 17:00:00,2019-04-02 23:30:00,,0 days 06:30:00
221,-555,57303,57393,5119.231488,5208.97,-49804.87415999995,-0.01752968433061808,2019-04-09 18:30:00,2019-04-10 17:00:00,,0 days 22:30:00
222,195,57393,57446,5211.053588,5247.0,7009.550340000046,0.006898108298632355,2019-04-10 17:00:00,2019-04-11 06:15:00,,0 days 13:15:00
223,-306,57497,57518,5054.797272,5022.18,9980.885231999848,0.006452735934767584,2019-04-11 19:00:00,2019-04-12 00:15:00,,0 days 05:15:00
224,1251,58555,58610,5281.551775999999,5346.74,81550.46822400056,0.012342627084756419,2019-04-22 19:30:00,2019-04-23 09:15:00,,0 days 13:45:00
225,195,58667,58691,5554.67098,5534.18,-3995.7410999999183,-0.0036889637700916467,2019-04-23 23:30:00,2019-04-24 05:30:00,,0 days 06:00:00
226,-732,58738,58757,5430.52692,5432.26,-1268.61455999998,-0.00031913661888260947,2019-04-24 17:15:00,2019-04-24 22:00:00,,0 days 04:45:00
227,1365,59505,59549,5418.61658,5503.21,115470.0183000002,0.015611626833356818,2019-05-02 17:00:00,2019-05-03 04:00:00,,0 days 11:00:00
228,282,59601,59634,5679.310816,5802.07,34618.08988799987,0.02161515507377354,2019-05-03 17:00:00,2019-05-04 01:15:00,,0 days 08:15:00
229,180,60007,60181,5984.722932,6081.7,17455.872240000026,0.016204103197738462,2019-05-07 22:30:00,2019-05-09 18:00:00,,1 days 19:30:00
230,237,60273,60323,6352.650043999999,6338.88,-3263.500427999754,-0.0021676062595332724,2019-05-10 17:00:00,2019-05-11 05:30:00,,0 days 12:30:00
231,60,60657,60820,8241.19516,7867.14,-22443.30959999994,-0.045388460379574225,2019-05-14 17:00:00,2019-05-16 19:45:00,,2 days 02:45:00
232,-81,60820,60873,7863.993144000001,7907.9,-3556.4553359998945,-0.0055832775024096115,2019-05-16 19:45:00,2019-05-17 09:00:00,,0 days 13:15:00
233,-111,60905,60930,7283.145576000001,7198.11,9438.948936000124,0.011675666113309169,2019-05-17 17:00:00,2019-05-17 23:15:00,,0 days 06:15:00
234,-165,61485,61538,7488.133548000001,7928.61,-72678.61457999983,-0.058823263390868075,2019-05-23 18:00:00,2019-05-24 07:15:00,,0 days 13:15:00
235,174,61580,61601,7928.180004,7954.09,4508.339304000056,0.003268088765256083,2019-05-24 17:45:00,2019-05-24 23:00:00,,0 days 05:15:00
236,-468,62057,62060,8546.060208,8599.05,-24799.222655999292,-0.006200493643889304,2019-05-29 17:00:00,2019-05-29 17:45:00,,0 days 00:45:00
237,246,62153,62175,8720.706887999999,8720.0,-173.89444799970443,-8.1058566590686e-05,2019-05-30 17:00:00,2019-05-30 22:30:00,,0 days 05:30:00
238,-141,62249,62250,8296.310147999999,8313.66,-2446.329132000168,-0.002091273311929376,2019-05-31 17:00:00,2019-05-31 17:15:00,,0 days 00:15:00
239,-81,62633,62694,7906.836,7672.42,18987.696000000014,0.029647257132941696,2019-06-04 17:00:00,2019-06-05 08:15:00,,0 days 15:15:00
240,-405,62849,62875,7651.997976000001,7692.82,-16532.919719999656,-0.00533481897512722,2019-06-06 23:00:00,2019-06-07 05:30:00,,0 days 06:30:00
241,-207,62755,62875,7663.38342,7692.82,-6093.372059999916,-0.003841198904804388,2019-06-05 23:30:00,2019-06-07 05:30:00,,1 days 06:00:00
242,588,62921,62968,7977.939899999999,7937.85,-23572.861199999432,-0.005025094260236118,2019-06-07 17:00:00,2019-06-08 04:45:00,,0 days 11:45:00
243,477,63397,63443,7939.314456,8116.87,84693.99448799992,0.02236409012188889,2019-06-12 17:00:00,2019-06-13 04:30:00,,0 days 11:30:00
244,210,63520,63555,8142.895856,8199.18,11819.670240000041,0.006912054998041928,2019-06-13 23:45:00,2019-06-14 08:30:00,,0 days 08:45:00
245,369,63589,63625,8248.408044,8340.31,33911.82176399989,0.01114178099698293,2019-06-14 17:00:00,2019-06-15 02:00:00,,0 days 09:00:00
246,60,63880,63909,9163.663999999999,9182.92,1155.3600000000733,0.0021013428689660163,2019-06-17 17:45:00,2019-06-18 01:00:00,,0 days 07:15:00
247,423,64187,64204,9296.66718,9339.53,18130.972860000118,0.004610557651478775,2019-06-20 22:30:00,2019-06-21 02:45:00,,0 days 04:15:00
248,54,64549,64570,10875.808583999999,10868.69,-384.4035359998925,-0.0006545337705253784,2019-06-24 17:00:00,2019-06-24 22:15:00,,0 days 05:15:00
249,72,64741,64746,12605.039999999999,12600.0,-362.8799999999319,-0.0003998400639743105,2019-06-26 17:00:00,2019-06-26 18:15:00,,0 days 01:15:00
250,126,64645,64746,11390.204259999999,12600.0,152434.26324000017,0.10621370015712084,2019-06-25 17:00:00,2019-06-26 18:15:00,,1 days 01:15:00
251,-39,64860,64894,11805.285996,11147.67,25647.023844000018,0.055705215123362684,2019-06-27 22:45:00,2019-06-28 07:15:00,,0 days 08:30:00
252,-63,65317,65384,9873.389064,11211.17,-84280.19896799995,-0.1354935906332071,2019-07-02 17:00:00,2019-07-03 09:45:00,,0 days 16:45:00
253,-78,65605,65896,10943.02104,11638.34,-54234.87888000004,-0.06353994545550101,2019-07-05 17:00:00,2019-07-08 17:45:00,,3 days 00:45:00
254,21,65896,65926,11642.995336,11779.38,2864.077943999984,0.011713881184706842,2019-07-08 17:45:00,2019-07-09 01:15:00,,0 days 07:30:00
255,99,66107,66113,13047.676983999998,12424.71,-61673.73141599988,-0.04774543275128018,2019-07-10 22:30:00,2019-07-11 00:00:00,,0 days 01:30:00
256,-51,66181,66182,11498.388804,11473.0,1294.8290040000084,0.002208031440993574,2019-07-11 17:00:00,2019-07-11 17:15:00,,0 days 00:15:00
257,117,66853,66877,9826.82916,9253.99,-67022.18171999995,-0.05829338748777024,2019-07-18 17:00:00,2019-07-18 23:00:00,,0 days 06:00:00
258,-150,67333,67348,10082.91522,10025.0,8687.283000000116,0.005743896356990352,2019-07-23 17:00:00,2019-07-23 20:45:00,,0 days 03:45:00
259,-237,67264,67348,10215.912,10025.0,45246.14400000006,0.018687709917626583,2019-07-22 23:45:00,2019-07-23 20:45:00,,0 days 21:00:00
260,216,68101,68145,9761.773148,9973.03,45631.480032000094,0.021641237590455775,2019-07-31 17:00:00,2019-08-01 04:00:00,,0 days 11:00:00
261,117,68293,68303,10482.331256,10493.2,1271.6430480001454,0.0010368632448798376,2019-08-02 17:00:00,2019-08-02 19:30:00,,0 days 02:30:00
262,57,68581,68593,11662.323064,11603.57,-3348.9246480000256,-0.005037852551123656,2019-08-05 17:00:00,2019-08-05 20:00:00,,0 days 03:00:00
263,144,68677,68730,12230.760348,11399.0,-119773.49011199997,-0.06800561243406356,2019-08-06 17:00:00,2019-08-07 06:15:00,,0 days 13:15:00
264,-309,68972,69127,11760.503916,11423.23,104217.64004400003,0.02867852588707054,2019-08-09 18:45:00,2019-08-11 09:30:00,,1 days 14:45:00
265,-135,69253,69272,11383.154916,11397.54,-1941.986340000185,-0.001263716790832925,2019-08-12 17:00:00,2019-08-12 21:45:00,,0 days 04:45:00
266,-567,69349,69394,11340.01218,10952.0,220002.90605999983,0.03421620487183641,2019-08-13 17:00:00,2019-08-14 04:15:00,,0 days 11:15:00
267,-75,69446,69462,10594.070676,10656.81,-4705.449300000009,-0.0059221168065388685,2019-08-14 17:15:00,2019-08-14 21:15:00,,0 days 04:00:00
268,-93,69605,69890,9882.315492000002,10690.15,-75128.60924399982,-0.08174546832207108,2019-08-16 17:00:00,2019-08-19 16:15:00,,2 days 23:15:00
269,105,69893,69928,10685.282404,10664.72,-2159.0524200000254,-0.0019243669210186054,2019-08-19 17:00:00,2019-08-20 01:45:00,,0 days 08:45:00
270,-348,70085,70118,10151.627724000002,10128.01,8218.967952000537,0.0023264962666199596,2019-08-21 17:00:00,2019-08-22 01:15:00,,0 days 08:15:00
271,-96,70181,70277,9916.841676,10181.52,-25409.11910400004,-0.026689780138424046,2019-08-22 17:00:00,2019-08-23 17:00:00,,1 days 00:00:00
272,126,70277,70320,10185.592608,10400.62,27093.451391999995,0.02111093583608592,2019-08-23 17:00:00,2019-08-24 03:45:00,,0 days 10:45:00
273,291,70565,70566,10324.198027999999,10317.33,-1998.5961479996968,-0.0006652359806904595,2019-08-26 17:00:00,2019-08-26 17:15:00,,0 days 00:15:00
274,-240,70661,70683,10167.171504,10170.7,-846.8390400001954,-0.0003470479472695853,2019-08-27 17:00:00,2019-08-27 22:30:00,,0 days 05:30:00
275,-300,70759,70816,10129.776468,9746.27,115051.94039999988,0.03785932189239294,2019-08-28 17:30:00,2019-08-29 07:45:00,,0 days 14:15:00
276,-123,70853,71237,9407.645436,9745.0,-41494.61137199991,-0.03585961719061537,2019-08-29 17:00:00,2019-09-02 17:00:00,,4 days 00:00:00
277,63,71237,71306,9748.898,10326.69,36400.89600000008,0.059267416686481056,2019-09-02 17:00:00,2019-09-03 10:15:00,,0 days 17:15:00
278,93,71333,71371,10396.60698,10621.07,20875.06085999993,0.021590026479965996,2019-09-03 17:00:00,2019-09-04 02:30:00,,0 days 09:30:00
279,567,71621,71659,10734.342019999998,10581.58,-86616.06533999904,-0.014231148934454985,2019-09-06 17:00:00,2019-09-07 02:30:00,,0 days 09:30:00
280,-156,71909,72068,10113.972792,10098.15,2468.355552000132,0.0015644487409058883,2019-09-09 17:00:00,2019-09-11 08:45:00,,1 days 15:45:00
281,-309,72101,72103,10041.171924,10047.46,-1943.015483999663,-0.0006262292935119707,2019-09-11 17:00:00,2019-09-11 17:30:00,,0 days 00:30:00
282,-525,72677,72694,10187.783256,10181.93,3072.9594000001725,0.0005745367616211139,2019-09-17 17:00:00,2019-09-17 21:15:00,,0 days 04:15:00
283,-1251,72776,72866,10158.464988000002,9865.59,366386.60998800176,0.0288306341899065,2019-09-18 17:45:00,2019-09-19 16:15:00,,0 days 22:30:00
284,-768,72869,72870,9867.021612,9892.14,-19290.9219839992,-0.002545690988398297,2019-09-19 17:00:00,2019-09-19 17:15:00,,0 days 00:15:00
285,-297,73253,73322,9927.757308,9753.15,51858.370476000164,0.017587789727625425,2019-09-23 17:00:00,2019-09-24 10:15:00,,0 days 17:15:00
286,-162,73373,73409,9587.003664,8680.08,146921.633568,0.09459928208910295,2019-09-24 23:00:00,2019-09-25 08:00:00,,0 days 09:00:00
287,-48,73445,73466,8357.95548,8431.59,-3534.4569599999813,-0.008810111536990295,2019-09-25 17:00:00,2019-09-25 22:15:00,,0 days 05:15:00
288,-156,73565,73586,8287.113828000001,8066.9,34353.35716800027,0.02657304250557735,2019-09-26 23:00:00,2019-09-27 04:15:00,,0 days 05:15:00
289,-168,73643,73672,8036.784000000001,8002.84,5702.59200000007,0.004223579979255487,2019-09-27 18:30:00,2019-09-28 01:45:00,,0 days 07:15:00
290,-507,73925,73933,7793.7312600000005,8075.41,-142811.1211799997,-0.03614170550704876,2019-09-30 17:00:00,2019-09-30 19:00:00,,0 days 02:00:00
291,123,74021,74022,8401.139112,8356.53,-5486.920776000012,-0.0053098885050339995,2019-10-01 17:00:00,2019-10-01 17:15:00,,0 days 00:15:00
292,-399,74309,74310,8116.122252,8115.0,447.7785480000466,0.0001382744080430376,2019-10-04 17:00:00,2019-10-04 17:15:00,,0 days 00:15:00
293,-333,74240,74437,8096.90994,8087.64,3086.8900199997415,0.001144873793668455,2019-10-03 23:45:00,2019-10-06 01:00:00,,2 days 01:15:00
294,144,74715,74789,8212.413652,8168.56,-6314.925887999838,-0.005339922446468415,2019-10-08 22:30:00,2019-10-09 17:00:00,,0 days 18:30:00
295,-372,74789,74790,8165.292576000001,8174.94,-3588.8417279995774,-0.001181516021649287,2019-10-09 17:00:00,2019-10-09 17:15:00,,0 days 00:15:00
296,132,74885,74981,8596.267131999999,8319.05,-36592.66142399997,-0.03224854785724918,2019-10-10 17:00:00,2019-10-11 17:00:00,,1 days 00:00:00
297,-414,74981,75053,8315.72238,8313.89,758.6053199999296,0.0002203512715150957,2019-10-11 17:00:00,2019-10-12 11:00:00,,0 days 18:00:00
298,-264,75461,75497,8116.781988,7976.73,36973.72483200004,0.017254619898262047,2019-10-16 17:00:00,2019-10-17 02:00:00,,0 days 09:00:00
299,-483,75653,75768,7872.129888,8058.37,-89953.97409599976,-0.023658160453360555,2019-10-18 17:00:00,2019-10-19 21:45:00,,1 days 04:45:00
300,969,76044,76065,8272.797795999999,8186.76,-83370.62432399875,-0.01040008448430818,2019-10-22 18:45:00,2019-10-23 00:00:00,,0 days 05:15:00
301,186,75952,76133,8275.949056,7974.92,-55991.40441599989,-0.03637396194237752,2019-10-21 19:45:00,2019-10-23 17:00:00,,1 days 21:15:00
302,-126,76133,76134,7971.730032,7981.67,-1252.4359679999598,-0.001246902235788161,2019-10-23 17:00:00,2019-10-23 17:15:00,,0 days 00:15:00
303,-108,76229,76335,7399.2891,7518.99,-12927.69719999998,-0.01617735141609744,2019-10-24 17:00:00,2019-10-25 19:30:00,,1 days 02:30:00
304,492,76335,76380,7521.997595999999,8597.61,529201.3027680006,0.1429955793354658,2019-10-25 19:30:00,2019-10-26 06:45:00,,0 days 11:15:00
305,-231,76805,76843,9198.609084000002,9107.89,20956.108404000486,0.009862261040943454,2019-10-30 17:00:00,2019-10-31 02:30:00,,0 days 09:30:00
306,-255,76901,76915,9085.564320000001,9107.92,-5700.698399999683,-0.0024605714309662297,2019-10-31 17:00:00,2019-10-31 20:30:00,,0 days 03:30:00
307,468,77295,77328,9192.995728,9264.02,33239.359296000264,0.007725911563700061,2019-11-04 19:30:00,2019-11-05 03:45:00,,0 days 08:15:00
308,-492,77573,77598,9242.821392000002,9216.36,13019.004864000526,0.002862912835566056,2019-11-07 17:00:00,2019-11-07 23:15:00,,0 days 06:15:00
309,-333,77669,77711,9103.177272,8830.76,90714.9515760002,0.02992551543930877,2019-11-08 17:00:00,2019-11-09 03:30:00,,0 days 10:30:00
310,-276,77957,77979,8787.28368,8712.87,20538.175679999906,0.008468337054983954,2019-11-11 17:00:00,2019-11-11 22:30:00,,0 days 05:30:00
311,-858,78236,78258,8653.357272,8677.84,-21006.18062400074,-0.002829275069829995,2019-11-14 17:00:00,2019-11-14 22:30:00,,0 days 05:30:00
312,-183,78074,78258,8686.973820000001,8677.84,1671.489060000169,0.0010514386470201753,2019-11-12 22:15:00,2019-11-14 22:30:00,,2 days 00:15:00
313,-501,78620,78646,8443.681176,8453.14,-4738.870823999683,-0.0011202251485862291,2019-11-18 17:00:00,2019-11-18 23:30:00,,0 days 06:30:00
314,-195,78716,78743,8142.501696,8098.43,8593.980719999996,0.00541254980906547,2019-11-19 17:00:00,2019-11-19 23:45:00,,0 days 06:45:00
315,-600,78817,78852,8077.1078640000005,8200.44,-73999.28159999999,-0.015269343690418768,2019-11-20 18:15:00,2019-11-21 03:00:00,,0 days 08:45:00
316,-999,78909,78955,8046.750012,7629.81,416523.071988,0.05181470921530107,2019-11-21 17:15:00,2019-11-22 04:45:00,,0 days 11:30:00
317,-120,79004,79035,7575.548568,7124.35,54143.828159999975,0.05955985417424625,2019-11-22 17:00:00,2019-11-23 00:45:00,,0 days 07:45:00
318,-279,79480,79492,6920.770584,7268.55,-97030.45706400009,-0.05025154522590669,2019-11-27 18:00:00,2019-11-27 21:00:00,,0 days 03:00:00
319,600,79673,79684,7569.116436,7423.2,-87549.86160000027,-0.01927786911904239,2019-11-29 18:15:00,2019-11-29 21:00:00,,0 days 02:45:00
320,-330,79956,80151,7221.1104000000005,7180.92,13262.832000000135,0.00556568142207059,2019-12-02 17:00:00,2019-12-04 17:45:00,,2 days 00:45:00
321,-342,80148,80169,7099.479072,7309.96,-71984.47737599998,-0.02964737635893977,2019-12-04 17:00:00,2019-12-04 22:15:00,,0 days 05:15:00
322,576,80244,80271,7326.219316,7401.39,43298.31398400036,0.010260501461624605,2019-12-05 17:00:00,2019-12-05 23:45:00,,0 days 06:45:00
323,-312,80727,80778,7304.287116,7235.2,21555.18019200019,0.00945843378043909,2019-12-10 17:45:00,2019-12-11 06:30:00,,0 days 12:45:00
324,-273,81398,81461,6866.0025000000005,6621.67,66702.77250000012,0.03558584489300731,2019-12-17 17:30:00,2019-12-18 09:15:00,,0 days 15:45:00
325,-225,82068,82123,7278.78732,7253.88,5604.147000000057,0.003421905175270412,2019-12-24 17:00:00,2019-12-25 06:45:00,,0 days 13:45:00
326,-537,82174,82210,7213.56342,7208.0,2987.556540000218,0.0007712443456968643,2019-12-25 19:30:00,2019-12-26 04:30:00,,0 days 09:00:00
327,348,82644,82648,7375.54904,7374.93,-215.42591999985598,-8.393137875462031e-05,2019-12-30 17:00:00,2019-12-30 18:00:00,,0 days 01:00:00
328,234,83028,83052,7223.798363999999,7273.04,11522.542824000153,0.006816585059377767,2020-01-03 17:00:00,2020-01-03 23:00:00,,0 days 06:00:00
329,-144,83608,83624,7900.908372,7916.37,-2226.4744320000027,-0.0019569430845185476,2020-01-09 18:00:00,2020-01-09 22:00:00,,0 days 04:00:00
330,-330,83700,83726,7707.555744,7966.85,-85567.10448000004,-0.03364156739337876,2020-01-10 17:00:00,2020-01-10 23:30:00,,0 days 06:30:00
331,126,84107,84136,8590.83496,8711.43,15194.97504000002,0.014037639014310654,2020-01-14 22:45:00,2020-01-15 06:00:00,,0 days 07:15:00
332,324,84372,84554,8981.571192,9133.05,49079.13379199995,0.01686551325617991,2020-01-17 17:00:00,2020-01-19 14:30:00,,1 days 21:30:00
333,-306,84950,84995,8550.97824,8370.98,55079.46144000025,0.021050017313574698,2020-01-23 17:30:00,2020-01-24 04:45:00,,0 days 11:15:00
334,-201,85051,85279,8256.925908,8599.97,-68951.86249200001,-0.0415462238395079,2020-01-24 18:45:00,2020-01-27 03:45:00,,2 days 09:00:00
335,462,85620,85654,9395.826828,9238.87,-72514.05453599931,-0.016704951131310763,2020-01-30 17:00:00,2020-01-31 01:30:00,,0 days 08:30:00
336,-267,86015,86049,9309.204828,9303.86,1427.0690759998197,0.0005741444192873812,2020-02-03 19:45:00,2020-02-04 04:15:00,,0 days 08:30:00
337,-405,86103,86129,9236.10408,9181.42,22147.05239999963,0.005920686853065349,2020-02-04 17:45:00,2020-02-05 00:15:00,,0 days 06:30:00
338,525,86207,86255,9387.213383999999,9635.0,130087.97340000064,0.026396184454732907,2020-02-05 19:45:00,2020-02-06 07:45:00,,0 days 12:00:00
339,147,86292,86329,9657.56148,9794.36,20109.38244000004,0.014164913190902073,2020-02-06 17:00:00,2020-02-07 02:15:00,,0 days 09:15:00
340,102,86864,86893,10329.13,10283.37,-4667.519999999837,-0.00443018918340643,2020-02-12 17:00:00,2020-02-13 00:15:00,,0 days 07:15:00
341,-384,86963,86980,10256.755656000001,10243.77,4986.491904000286,0.0012660588236207415,2020-02-13 17:45:00,2020-02-13 22:00:00,,0 days 04:15:00
342,-207,87056,87206,10163.922804,9923.87,49690.930427999796,0.02361812546485753,2020-02-14 17:00:00,2020-02-16 06:30:00,,1 days 13:30:00
343,-126,87355,87376,9711.453864000001,9641.38,8829.306864000224,0.00721558944534173,2020-02-17 19:45:00,2020-02-18 01:00:00,,0 days 05:15:00
344,-360,87463,87469,9623.419092,9809.04,-66823.52688000028,-0.019288457275471682,2020-02-18 22:45:00,2020-02-19 00:15:00,,0 days 01:30:00
345,-315,88089,88092,9553.836936,9552.43,443.18483999981254,0.00014726397461295448,2020-02-25 17:00:00,2020-02-25 17:45:00,,0 days 00:45:00
346,-129,88210,88234,9020.450376,8861.67,20482.66850400008,0.01760226700237222,2020-02-26 23:15:00,2020-02-27 05:15:00,,0 days 06:00:00
347,-279,88384,88402,8601.0582,8571.92,8129.557799999837,0.0033877459403773846,2020-02-28 18:45:00,2020-02-28 23:15:00,,0 days 04:30:00
348,423,88950,88970,9025.128608,9063.53,16243.788815999898,0.004254941249918653,2020-03-05 18:15:00,2020-03-05 23:15:00,,0 days 05:00:00
349,333,89041,89060,9097.877696,9109.53,3880.2172320003647,0.001280771668883185,2020-03-06 17:00:00,2020-03-06 21:45:00,,0 days 04:45:00
350,-882,89522,89566,7802.947572,7780.5,19798.758504000034,0.002876806718598357,2020-03-11 17:15:00,2020-03-12 04:15:00,,0 days 11:00:00
351,-165,89617,89646,7337.083992000001,6057.49,211133.00868000017,0.17440089187955432,2020-03-12 17:00:00,2020-03-13 00:15:00,,0 days 07:15:00
352,-99,90010,90071,4558.985676,5385.87,-81861.54807599996,-0.1813746264553957,2020-03-16 19:15:00,2020-03-17 10:30:00,,0 days 15:15:00
353,114,90097,90193,5404.981127999999,5145.4,-29592.248591999978,-0.0480262783259805,2020-03-17 17:00:00,2020-03-18 17:00:00,,1 days 00:00:00
354,-276,90193,90215,5143.34184,5216.0,-20053.652159999987,-0.014126644166431612,2020-03-18 17:00:00,2020-03-18 22:30:00,,0 days 05:30:00
355,201,90294,90352,5522.208,6162.37,128672.56200000005,0.11592500680887063,2020-03-19 18:15:00,2020-03-20 08:45:00,,0 days 14:30:00
356,63,90385,90403,6496.237456,6640.06,9060.820272000035,0.022139360664404917,2020-03-20 17:00:00,2020-03-20 21:30:00,,0 days 04:30:00
357,-123,90676,90691,5765.6928,6327.61,-69115.81559999999,-0.09745874771545227,2020-03-23 17:45:00,2020-03-23 21:30:00,,0 days 03:45:00
358,78,90771,90834,6710.693204,6654.1,-4414.269911999983,-0.008433287334051687,2020-03-24 17:30:00,2020-03-25 09:15:00,,0 days 15:45:00
359,204,90868,91044,6785.162979999999,6739.91,-9231.607919999857,-0.006669402066448171,2020-03-25 17:45:00,2020-03-27 13:45:00,,1 days 20:00:00
360,150,91660,91677,6777.81004,6793.62,2371.4939999999388,0.002332605945976063,2020-04-02 23:45:00,2020-04-03 04:00:00,,0 days 04:15:00
361,237,91729,91749,6919.326624,6901.11,-4317.3398880001405,-0.0026327163017302313,2020-04-03 17:00:00,2020-04-03 22:00:00,,0 days 05:00:00
362,354,92017,92041,7081.601508,7084.96,1188.906168000105,0.0004742559993253792,2020-04-06 17:00:00,2020-04-06 23:00:00,,0 days 06:00:00
363,-279,92401,92414,6934.37514,6915.91,5151.774060000069,0.0026628412260949474,2020-04-10 17:00:00,2020-04-10 20:15:00,,0 days 03:15:00
364,150,92979,93051,7085.853208,7068.92,-2539.9812000000566,-0.002389720405283402,2020-04-16 17:30:00,2020-04-17 11:30:00,,0 days 18:00:00
365,-168,93463,93553,6798.97932,6934.0,-22683.474239999938,-0.019858963183315037,2020-04-21 18:30:00,2020-04-22 17:00:00,,0 days 22:30:00
366,714,93553,93595,6936.7735999999995,7119.87,130730.82960000026,0.026395037600766003,2020-04-22 17:00:00,2020-04-23 03:30:00,,0 days 10:30:00
367,189,93671,93697,7215.595084,7532.33,59862.89912400006,0.04389588278066414,2020-04-23 22:30:00,2020-04-24 05:00:00,,0 days 06:30:00
368,120,93745,93756,7540.61504,7533.63,-838.2047999999486,-0.0009263223176022573,2020-04-24 17:00:00,2020-04-24 19:45:00,,0 days 02:45:00
369,429,94215,94275,7953.169996,8770.49,350630.28171600006,0.1027665703626437,2020-04-29 17:00:00,2020-04-30 08:00:00,,0 days 15:00:00
370,681,94139,94275,7754.730652,8770.49,691732.1159879997,0.13098576773108528,2020-04-28 22:00:00,2020-04-30 08:00:00,,1 days 10:00:00
371,-249,94697,94698,8663.773104,8691.29,-6851.707104000248,-0.0031760868699686196,2020-05-04 17:30:00,2020-05-04 17:45:00,,0 days 00:15:00
372,165,94791,94795,9003.269868,9005.0,285.4717800000981,0.00019216707100500052,2020-05-05 17:00:00,2020-05-05 18:00:00,,0 days 01:00:00
373,477,94894,94912,9086.223036,9228.77,67994.9018280005,0.015688252801546287,2020-05-06 18:45:00,2020-05-06 23:15:00,,0 days 04:30:00
374,180,95004,95058,9456.991283999998,9899.52,79655.16888000045,0.04679381662841364,2020-05-07 22:15:00,2020-05-08 11:45:00,,0 days 13:30:00
375,-48,95367,95417,8613.533208,8654.42,-1962.566015999968,-0.004746808424912707,2020-05-11 17:00:00,2020-05-12 05:30:00,,0 days 12:30:00
376,429,95466,95483,8753.249899999999,8684.99,-29283.497099999615,-0.007798235030397005,2020-05-12 17:45:00,2020-05-12 22:00:00,,0 days 04:15:00
377,123,95655,95673,9497.437456,9600.0,12615.192912000042,0.010798970193292234,2020-05-14 17:00:00,2020-05-14 21:30:00,,0 days 04:30:00
378,255,96231,96262,9800.258536,9528.01,-69423.37667999978,-0.02777972999384959,2020-05-20 17:00:00,2020-05-21 00:45:00,,0 days 07:45:00
379,-183,96328,96349,9411.253992000002,9348.76,11436.40053600028,0.006640346977472289,2020-05-21 17:15:00,2020-05-21 22:30:00,,0 days 05:15:00
380,-186,96722,96807,8685.5244,8999.37,-58375.281600000104,-0.03613432943668893,2020-05-25 19:45:00,2020-05-26 17:00:00,,0 days 21:15:00
381,237,96807,96836,9002.969748,8775.25,-53969.58027599989,-0.02529384796062295,2020-05-26 17:00:00,2020-05-27 00:15:00,,0 days 07:15:00
382,447,96913,96934,9118.065768,9148.0,13380.601703999826,0.0032829585530140815,2020-05-27 19:30:00,2020-05-28 00:45:00,,0 days 05:15:00
383,261,97693,97718,9762.563463999999,9817.64,14374.975896000127,0.00564160593711871,2020-06-04 22:30:00,2020-06-05 04:45:00,,0 days 06:15:00
384,-666,98057,98119,9689.192772,9800.35,-74030.71384800001,-0.011472289861052642,2020-06-08 17:30:00,2020-06-09 09:00:00,,0 days 15:30:00
385,-303,98364,98396,9685.134396000001,9336.66,105587.74198800043,0.035980336642919775,2020-06-11 22:15:00,2020-06-12 06:15:00,,0 days 08:00:00
386,-213,98727,98733,9099.668676,9134.45,-7408.422012000299,-0.0038222626821278194,2020-06-15 17:00:00,2020-06-15 18:30:00,,0 days 01:30:00
387,-567,98945,98972,9406.88574,9422.7,-8966.685420000575,-0.0016811366096172176,2020-06-17 23:30:00,2020-06-18 06:15:00,,0 days 06:45:00
388,-588,99039,99075,9396.180024000001,9384.05,7132.454112001098,0.00129095270301538,2020-06-18 23:00:00,2020-06-19 08:00:00,,0 days 09:00:00
389,462,99399,99468,9426.158956,9628.37,93421.50232800069,0.02145211479499709,2020-06-22 17:00:00,2020-06-23 10:15:00,,0 days 17:15:00
390,-1200,99591,99633,9541.191996000001,9316.24,269942.3952000019,0.023576927924132463,2020-06-24 17:00:00,2020-06-25 03:30:00,,0 days 10:30:00
391,-354,99810,99938,9085.614300000001,8972.99,39869.00220000047,0.01239589270259922,2020-06-26 23:45:00,2020-06-28 07:45:00,,1 days 08:00:00
392,-375,100057,100253,9080.3664,9182.08,-38142.59999999967,-0.011201486318877851,2020-06-29 17:00:00,2020-07-01 18:00:00,,2 days 01:00:00
393,624,100253,100295,9185.752832,9259.24,45855.992831999785,0.00800012468700384,2020-07-01 18:00:00,2020-07-02 04:30:00,,0 days 10:30:00
394,-366,100449,100662,9067.691472,9047.76,7294.918752000078,0.002198075669154198,2020-07-03 19:00:00,2020-07-06 00:15:00,,2 days 05:15:00
395,1071,100729,100774,9200.6788,9275.68,80326.28520000065,0.008151702893921309,2020-07-06 17:00:00,2020-07-07 04:15:00,,0 days 11:15:00
396,810,100944,101045,9441.765195999998,9237.36,-165568.2087599983,-0.021649044617906177,2020-07-08 22:45:00,2020-07-10 00:00:00,,1 days 01:15:00
397,-294,101113,101115,9167.701452000001,9184.08,-4815.293111999639,-0.0017865490151214303,2020-07-10 17:00:00,2020-07-10 17:30:00,,0 days 00:30:00
398,-1110,101689,101716,9136.154076,9110.64,28320.62436000144,0.0027926494877121844,2020-07-16 17:00:00,2020-07-16 23:45:00,,0 days 06:45:00
399,-666,101786,101885,9103.177272,9207.1,-69212.5368479997,-0.011416094061976523,2020-07-17 17:15:00,2020-07-18 18:00:00,,1 days 00:45:00
400,2142,102169,102198,9311.092948,9362.58,110285.26538400087,0.005529646442962388,2020-07-21 17:00:00,2020-07-22 00:15:00,,0 days 07:15:00
401,297,102940,102998,11131.971008,11122.55,-2798.0393760003462,-0.0008463018807030043,2020-07-29 17:45:00,2020-07-30 08:15:00,,0 days 14:30:00
402,324,103129,103153,11161.182687999999,11171.5,3342.8090880003365,0.0009243923595205761,2020-07-31 17:00:00,2020-07-31 23:00:00,,0 days 06:00:00
403,357,103417,103464,11212.33314,11399.46,66804.28901999946,0.016689377461718724,2020-08-03 17:00:00,2020-08-04 04:45:00,,0 days 11:45:00
404,366,103614,103657,11362.24308,11644.23,103207.21271999978,0.02481789185590988,2020-08-05 18:15:00,2020-08-06 05:00:00,,0 days 10:45:00
405,111,103727,104081,11854.74,11978.42,13728.480000000032,0.010432957618640382,2020-08-06 22:30:00,2020-08-10 15:00:00,,3 days 16:30:00
406,-342,104185,104199,11738.982528,11740.09,-378.75542399989354,-9.434139605857261e-05,2020-08-11 17:00:00,2020-08-11 20:30:00,,0 days 03:30:00
407,291,104765,104806,11893.625548,12299.54,118121.10553200026,0.03412873983309983,2020-08-17 18:00:00,2020-08-18 04:15:00,,0 days 10:15:00
408,-525,105529,105582,11570.090112,11309.49,136815.05880000006,0.022523602623433003,2020-08-25 17:00:00,2020-08-26 06:15:00,,0 days 13:15:00
409,501,105822,105859,11445.136224,11484.87,19906.621776000473,0.0034716734884012723,2020-08-28 18:15:00,2020-08-29 03:30:00,,0 days 09:15:00
410,462,106201,106216,11878.589536,11868.99,-4434.985631999869,-0.0008081376977381316,2020-09-01 17:00:00,2020-09-01 20:45:00,,0 days 03:45:00
411,174,106127,106216,11722.046944,11868.99,25568.091744000012,0.012535614018779784,2020-08-31 22:30:00,2020-09-01 20:45:00,,0 days 22:15:00
412,-249,106307,106337,11574.248448,11349.01,56084.37355200002,0.019460308719994712,2020-09-02 19:30:00,2020-09-03 03:00:00,,0 days 07:30:00
413,-102,106404,106441,11253.846660000001,10711.02,55368.31932000007,0.0482347659782314,2020-09-03 19:45:00,2020-09-04 05:00:00,,0 days 09:15:00
414,-396,106777,106781,10141.781664,10131.95,3893.338943999748,0.0009694217767375335,2020-09-07 17:00:00,2020-09-07 18:00:00,,0 days 01:00:00
415,-198,106882,106898,10012.663332,10133.2,-23866.260264000128,-0.012038422146360528,2020-09-08 19:15:00,2020-09-08 23:15:00,,0 days 04:00:00
416,189,107088,107316,10442.115176,10434.97,-1350.4382639999985,-0.000684265197191336,2020-09-10 22:45:00,2020-09-13 07:45:00,,2 days 09:00:00
417,441,107449,107452,10439.173999999999,10223.57,-95081.36399999971,-0.02065335820631009,2020-09-14 17:00:00,2020-09-14 17:45:00,,0 days 00:45:00
418,462,107641,107687,10894.356,10972.27,35996.26800000031,0.007151776571281632,2020-09-16 17:00:00,2020-09-17 04:30:00,,0 days 11:30:00
419,681,107838,107865,10989.674112,10865.41,-84623.86027200051,-0.011307351858988457,2020-09-18 18:15:00,2020-09-19 01:00:00,,0 days 06:45:00
420,-768,108122,108165,10856.275752000001,10490.69,280769.85753600067,0.033675061351739366,2020-09-21 17:15:00,2020-09-22 04:00:00,,0 days 10:45:00
421,429,109082,109113,10898.387612,10698.66,-85683.14554800025,-0.018326345062281035,2020-10-01 17:15:00,2020-10-02 01:00:00,,0 days 07:45:00
422,-207,109177,109489,10440.712044,10730.99,-60087.53689199998,-0.027802505688950152,2020-10-02 17:00:00,2020-10-05 23:00:00,,3 days 06:00:00
423,-909,109756,109773,10558.774800000001,10653.71,-86296.09679999825,-0.008991118931715336,2020-10-08 17:45:00,2020-10-08 22:00:00,,0 days 04:15:00
424,-36,109177,109779,10440.712044,10839.58,-14359.246416000002,-0.03820313732617686,2020-10-02 17:00:00,2020-10-08 23:30:00,,6 days 06:30:00
425,183,109860,109884,10984.692119999998,11048.0,11585.342040000387,0.005763282148321336,2020-10-09 19:45:00,2020-10-10 01:45:00,,0 days 06:00:00
426,105,110162,110199,11484.141819999999,11539.13,5773.75890000003,0.004788183641570631,2020-10-12 23:15:00,2020-10-13 08:30:00,,0 days 09:15:00
427,-999,110429,110458,11330.835852000002,11421.33,-90403.65385199795,-0.007986537726078158,2020-10-15 18:00:00,2020-10-16 01:15:00,,0 days 07:15:00
428,183,110911,110949,11786.962899999999,11920.01,24347.61930000029,0.011287649000744748,2020-10-20 18:30:00,2020-10-21 04:00:00,,0 days 09:30:00
429,81,111108,111157,12964.973916,12963.58,-112.90719600007287,-0.00010751398414154956,2020-10-22 19:45:00,2020-10-23 08:00:00,,0 days 12:15:00
430,546,111587,111642,13301.958655999999,13698.48,216500.6538240004,0.0298092449581584,2020-10-27 19:30:00,2020-10-28 09:15:00,,0 days 13:45:00
431,-105,111769,111962,13114.112256,13769.55,-68820.96311999988,-0.04997957400434183,2020-10-29 17:00:00,2020-10-31 17:15:00,,2 days 00:15:00
432,-78,111700,111963,13064.032296000001,13839.99,-60524.700911999884,-0.05939649309023709,2020-10-28 23:45:00,2020-10-31 17:30:00,,2 days 17:45:00
433,84,112441,112483,14467.924856,14865.94,33433.27209600007,0.027510174953316868,2020-11-05 17:00:00,2020-11-06 03:30:00,,0 days 10:30:00
434,-156,112825,112840,15311.472960000001,15775.83,-72439.69823999984,-0.030327391833110617,2020-11-09 17:00:00,2020-11-09 20:45:00,,0 days 03:45:00
435,300,113028,113066,15597.026316,15642.93,13771.105200000238,0.0029431048630668144,2020-11-11 19:45:00,2020-11-12 05:15:00,,0 days 09:30:00
436,180,113113,113154,15909.241151999999,16008.0,17776.592640000235,0.006207640393180336,2020-11-12 17:00:00,2020-11-13 03:15:00,,0 days 10:15:00
437,39,113692,113788,18218.304408,17533.42,-26710.491912000067,-0.03759320256495746,2020-11-18 17:45:00,2020-11-19 17:45:00,,1 days 00:00:00
438,-39,113788,113878,17526.406632,18369.33,-32874.01135200013,-0.04809447741906081,2020-11-19 17:45:00,2020-11-20 16:15:00,,0 days 22:30:00
439,132,113881,113900,18217.344024,18234.99,2329.2688319999725,0.0009686360413874162,2020-11-20 17:00:00,2020-11-20 21:45:00,,0 days 04:45:00
440,147,114169,114185,18555.849372,18520.0,-5269.857684000086,-0.0019319714921859354,2020-11-23 17:00:00,2020-11-23 21:00:00,,0 days 04:00:00
441,210,114269,114302,18591.83376,19211.64,130159.3103999996,0.03333755282028705,2020-11-24 18:00:00,2020-11-25 02:15:00,,0 days 08:15:00
442,63,114371,114437,19276.187392,18246.31,-64882.27569599991,-0.053427442421908444,2020-11-25 19:30:00,2020-11-26 12:00:00,,0 days 16:30:00
443,-48,114457,114472,17396.298695999998,17100.0,14222.337407999905,0.01703228377356658,2020-11-26 17:00:00,2020-11-26 20:45:00,,0 days 03:45:00
444,-66,114554,114598,16741.720632,16761.07,-1277.0582879999492,-0.0011557574293179496,2020-11-27 17:15:00,2020-11-28 04:15:00,,0 days 11:00:00
445,51,114944,114951,19747.405803999998,18520.47,-62573.72600399985,-0.062131492925084464,2020-12-01 19:45:00,2020-12-01 21:30:00,,0 days 01:45:00
446,87,115127,115195,19388.352239999997,19371.09,-1501.8148799996852,-0.0008903407461507973,2020-12-03 17:30:00,2020-12-04 10:30:00,,0 days 17:00:00
447,-264,115607,115628,19036.842216,18922.84,30096.585024000204,0.005988504538015471,2020-12-08 17:30:00,2020-12-08 22:45:00,,0 days 05:15:00
448,-51,115701,115913,17927.536116,17878.78,2486.561916000024,0.0027196216861327116,2020-12-09 17:00:00,2020-12-11 22:00:00,,2 days 05:00:00
449,-102,115901,115976,17728.485768000002,18387.39,-67208.2316639997,-0.03716641345587002,2020-12-11 19:00:00,2020-12-12 13:45:00,,0 days 18:45:00
450,162,116381,116415,19650.226948,20650.01,161964.85442399982,0.05087895700368783,2020-12-16 19:00:00,2020-12-17 03:30:00,,0 days 08:30:00
451,21,116469,116486,22669.96436,22771.34,2128.888439999966,0.004471804118883815,2020-12-17 17:00:00,2020-12-17 21:15:00,,0 days 04:15:00
452,81,117218,117245,23802.507196000002,24104.5,24461.417123999814,0.012687436727285117,2020-12-25 17:15:00,2020-12-26 00:00:00,,0 days 06:45:00
453,30,117697,117759,28445.873799999998,28823.72,11335.386000000108,0.013282987988226358,2020-12-30 17:00:00,2020-12-31 08:30:00,,0 days 15:30:00
454,-69,117817,117861,28322.9163,29248.31,-63852.16530000004,-0.0326729666605694,2020-12-31 23:00:00,2021-01-01 10:00:00,,0 days 11:00:00
455,90,117913,117932,29462.98048,28752.8,-63916.24319999992,-0.024104162865738687,2021-01-01 23:00:00,2021-01-02 03:45:00,,0 days 04:45:00
456,21,118571,118590,40623.14276,40487.52,-2848.0779600001188,-0.00333855902782465,2021-01-08 19:30:00,2021-01-09 00:15:00,,0 days 04:45:00
457,-12,118872,118889,32800.584516,32856.77,-674.2258079999301,-0.0017129415475076737,2021-01-11 22:45:00,2021-01-12 03:00:00,,0 days 04:15:00
458,15,119137,119179,38682.876964,39279.69,8952.195539999993,0.015428351840413024,2021-01-14 17:00:00,2021-01-15 03:30:00,,0 days 10:30:00
459,33,119619,119695,37247.553064,35130.56,-69860.77111200007,-0.056835762079793906,2021-01-19 17:30:00,2021-01-20 12:30:00,,0 days 19:00:00
460,-27,119722,119737,34749.064812000004,34901.99,-4128.9800759998325,-0.0044008432695197275,2021-01-20 19:15:00,2021-01-20 23:00:00,,0 days 03:45:00
461,-36,119812,119850,33225.7044,31801.59,51268.11840000008,0.04286182718221021,2021-01-21 17:45:00,2021-01-22 03:15:00,,0 days 09:30:00
462,-57,120390,120419,30961.1106,30644.91,18023.434200000007,0.010212831318783477,2021-01-27 18:15:00,2021-01-28 01:30:00,,0 days 07:15:00
463,-30,120310,120419,31411.240476000003,30644.91,22989.914280000085,0.024396695717430306,2021-01-26 22:15:00,2021-01-28 01:30:00,,1 days 03:15:00
464,126,120961,120978,34431.387048000004,34908.31,60092.291951999185,0.013851401087476622,2021-02-02 17:00:00,2021-02-02 21:15:00,,0 days 04:15:00
465,33,120868,120978,34491.100924,34908.31,13767.899507999973,0.01209613682437416,2021-02-01 17:45:00,2021-02-02 21:15:00,,1 days 03:30:00
466,21,120582,121134,37510.778311999995,37693.15,3829.8054480001374,0.004861847613054415,2021-01-29 18:15:00,2021-02-04 12:15:00,,5 days 18:00:00
467,33,121155,121182,38241.210368,36297.57,-64140.13214400001,-0.05082580674869086,2021-02-04 17:30:00,2021-02-05 00:15:00,,0 days 06:45:00
468,42,121275,121335,38219.7818,38939.21,30215.98440000009,0.018823451263136226,2021-02-05 23:30:00,2021-02-06 14:30:00,,0 days 15:00:00
469,33,121537,121574,39239.629576,42920.01,121452.55399200009,0.09379243544773463,2021-02-08 17:00:00,2021-02-09 02:15:00,,0 days 09:15:00
470,6,121633,121755,47501.55302399999,45228.66,-13637.35814399994,-0.047848815024039704,2021-02-09 17:00:00,2021-02-10 23:30:00,,1 days 06:30:00
471,-18,121755,121770,45210.568536000006,45015.06,3519.1536480001523,0.0043243989697747676,2021-02-10 23:30:00,2021-02-11 03:15:00,,0 days 03:45:00
472,21,121841,122132,48098.13156,48827.7,15320.937239999905,0.015168332247790017,2021-02-11 22:15:00,2021-02-14 23:00:00,,3 days 00:45:00
473,36,122396,122415,50858.35520799999,51039.56,6523.372512000147,0.0035629306386122384,2021-02-17 17:00:00,2021-02-17 21:45:00,,0 days 04:45:00
474,60,122592,122667,52703.02277999999,55706.07,180182.83320000046,0.05698054991144863,2021-02-19 18:00:00,2021-02-20 12:45:00,,0 days 18:45:00
475,-9,122973,122992,47551.011984000004,49264.95,-15425.442143999935,-0.03604419642165979,2021-02-23 17:15:00,2021-02-23 22:00:00,,0 days 04:45:00
476,-45,123170,123183,48754.29048,50851.26,-94363.62839999994,-0.043010973995410984,2021-02-25 18:30:00,2021-02-25 21:45:00,,0 days 03:15:00
477,36,123551,123590,47028.183752,48448.48,51130.66492800022,0.030200958971535963,2021-03-01 17:45:00,2021-03-02 03:30:00,,0 days 09:45:00
478,39,123741,123764,50675.602135999994,51017.51,13334.406696000311,0.006746991640719235,2021-03-03 17:15:00,2021-03-03 23:00:00,,0 days 05:45:00
479,-24,123844,123895,48744.764292,48249.99,11874.583008000045,0.010150306380314222,2021-03-04 19:00:00,2021-03-05 07:45:00,,0 days 12:45:00
480,12,124334,124383,54593.808792,54058.02,-6429.46550400008,-0.009814094379114291,2021-03-09 23:00:00,2021-03-10 11:15:00,,0 days 12:15:00
481,24,124429,124456,56285.065023999996,56037.16,-5949.720575999818,-0.004404454785550738,2021-03-10 22:45:00,2021-03-11 05:30:00,,0 days 06:45:00
482,27,124524,124541,56644.228632,56802.88,4283.586935999971,0.002800839058656912,2021-03-11 22:30:00,2021-03-12 02:45:00,,0 days 04:15:00
483,-15,124893,124969,55845.562836000005,54418.19,21410.592540000034,0.025559288214029197,2021-03-15 18:45:00,2021-03-16 13:45:00,,0 days 19:00:00
484,-45,125086,125103,54978.0,54860.03,5308.650000000052,0.0021457673978683145,2021-03-17 19:00:00,2021-03-17 23:15:00,,0 days 04:15:00
485,36,125275,125293,58542.897796,58280.0,-9464.320655999909,-0.00449068641795114,2021-03-19 18:15:00,2021-03-19 22:45:00,,0 days 04:30:00
486,45,125569,125592,57931.983528,56486.89,-65029.20875999989,-0.024944658200794168,2021-03-22 19:45:00,2021-03-23 01:30:00,,0 days 05:45:00
487,33,125751,125778,56175.801336,56569.54,12993.375912000134,0.0070090440124737086,2021-03-24 17:15:00,2021-03-25 00:00:00,,0 days 06:45:00
488,39,125943,126015,53661.445995999995,54647.03,38437.77615600015,0.018366706034598224,2021-03-26 17:15:00,2021-03-27 11:15:00,,0 days 18:00:00
489,24,126232,126259,56226.521616,57486.54,30240.441216000065,0.022409680481487282,2021-03-29 17:30:00,2021-03-30 00:15:00,,0 days 06:45:00
490,27,126333,126350,58897.459564000004,58796.3,-2731.308228000038,-0.001717553944581951,2021-03-30 18:45:00,2021-03-30 23:00:00,,0 days 04:15:00
491,-39,126425,126440,57952.139868000006,58188.47,-9216.875147999825,-0.004078022529250713,2021-03-31 17:45:00,2021-03-31 21:30:00,,0 days 03:45:00
492,-48,127105,127119,56764.804992,56834.31,-3336.2403840000043,-0.0012244384176038903,2021-04-07 19:45:00,2021-04-07 23:15:00,,0 days 03:30:00
493,48,127297,127385,58656.483212,60534.89,90163.52582400001,0.03202385627537452,2021-04-09 19:45:00,2021-04-10 17:45:00,,0 days 22:00:00
494,57,127671,127693,62585.844328,62787.35,11485.823303999961,0.0032196685075294162,2021-04-13 17:15:00,2021-04-13 22:45:00,,0 days 05:30:00
495,-30,127962,127981,60704.218596000006,60546.68,4726.1578800001735,0.002595183656813993,2021-04-16 18:00:00,2021-04-16 22:45:00,,0 days 04:45:00
496,-15,128620,128890,48136.957512,52586.86,-66748.53732,-0.09244253725197926,2021-04-23 17:00:00,2021-04-26 17:00:00,,3 days 00:00:00
497,30,128986,129010,54735.23534,54508.57,-6799.960199999987,-0.004141122963882693,2021-04-27 17:00:00,2021-04-27 23:00:00,,0 days 06:00:00
498,-42,129201,129231,53584.587588,52862.15,30342.37869600003,0.013482189945263068,2021-04-29 22:45:00,2021-04-30 06:15:00,,0 days 07:30:00
499,48,129295,129358,54839.607072,58045.72,153893.4205440001,0.05846345550562804,2021-04-30 22:15:00,2021-05-01 14:00:00,,0 days 15:45:00
500,12,129562,129684,58652.481611999996,54744.2,-46899.379343999986,-0.06663454818253389,2021-05-03 17:00:00,2021-05-04 23:30:00,,1 days 06:30:00
501,-6,129684,129701,54722.30232,54524.76,1185.2539200000028,0.003609905132368696,2021-05-04 23:30:00,2021-05-05 03:45:00,,0 days 04:15:00
502,18,129859,129946,58298.520083999996,55588.21,-48785.581511999946,-0.04649020386958058,2021-05-06 19:15:00,2021-05-07 17:00:00,,0 days 21:45:00
503,-24,129946,129965,55565.974716000004,57418.1,-44451.00681599986,-0.03333200386506818,2021-05-07 17:00:00,2021-05-07 21:45:00,,0 days 04:45:00
504,-15,130351,130480,54973.60176,54543.15,6456.776399999944,0.007830153859651245,2021-05-11 22:15:00,2021-05-13 06:30:00,,1 days 08:15:00
505,-12,130927,130950,44537.187996,43920.66,7398.335951999965,0.013842993321791397,2021-05-17 22:15:00,2021-05-18 04:00:00,,0 days 05:45:00
506,24,131013,131028,45384.016348,42646.57,-65698.71235199994,-0.06031741058370721,2021-05-18 19:45:00,2021-05-18 23:30:00,,0 days 03:45:00
507,-12,131098,131099,40126.423008000005,40305.26,-2146.043903999962,-0.004456838626367032,2021-05-19 17:00:00,2021-05-19 17:15:00,,0 days 00:15:00
508,51,131770,131779,40021.40216,39581.33,-22443.6801599998,-0.010995920588705244,2021-05-26 17:00:00,2021-05-26 19:15:00,,0 days 02:15:00
509,-45,131962,131980,36795.895752000004,36553.2,10921.30884000031,0.006595728872473949,2021-05-28 17:00:00,2021-05-28 21:30:00,,0 days 04:30:00
510,45,132464,132488,37674.743872,37879.22,9201.425760000093,0.005427405921980766,2021-06-02 22:30:00,2021-06-03 04:30:00,,0 days 06:00:00
511,48,132538,132554,38769.381552,38659.13,-5292.074496000074,-0.002843778971612587,2021-06-03 17:00:00,2021-06-03 21:00:00,,0 days 04:00:00
512,-36,132634,132663,36600.943763999996,36815.0,-7706.024496000144,-0.00584838023249401,2021-06-04 17:00:00,2021-06-05 00:15:00,,0 days 07:15:00
513,-18,133018,133019,33187.26978,33309.83,-2206.083959999989,-0.0036929889325774123,2021-06-08 17:00:00,2021-06-08 17:15:00,,0 days 00:15:00
514,57,133114,133158,34267.00132,35700.07,81684.91475999981,0.04182066200124668,2021-06-09 17:00:00,2021-06-10 04:00:00,,0 days 11:00:00
515,45,133317,133378,37490.820332,36072.15,-63840.16494000007,-0.03784047186583184,2021-06-11 19:45:00,2021-06-12 11:00:00,,0 days 15:15:00
516,12,133219,133574,38172.502896,38854.84,8188.04524799998,0.017875094694707494,2021-06-10 19:15:00,2021-06-14 12:00:00,,3 days 16:45:00
517,18,133614,133998,40511.668187999996,37167.13,-60201.687383999975,-0.08255740475754314,2021-06-14 22:00:00,2021-06-18 22:00:00,,4 days 00:00:00
518,-12,133998,134039,37152.263148,35656.8,17945.557775999943,0.04025227593922498,2021-06-18 22:00:00,2021-06-19 08:15:00,,0 days 10:15:00
519,-21,134266,134290,33290.148612000005,32946.01,7226.910852000052,0.010337551087890029,2021-06-21 17:00:00,2021-06-21 23:00:00,,0 days 06:00:00
520,27,134478,134608,34800.21452,34681.84,-3196.112040000131,-0.003401545698287989,2021-06-23 22:00:00,2021-06-25 06:30:00,,1 days 08:30:00
521,75,135043,135078,35282.097195999995,36349.88,80083.71030000017,0.03026415346197342,2021-06-29 19:15:00,2021-06-30 04:00:00,,0 days 08:45:00
522,-45,135226,135241,33444.756744,33717.52,-12274.346519999926,-0.008155635817232554,2021-07-01 17:00:00,2021-07-01 20:45:00,,0 days 03:45:00
523,-45,135329,135416,32965.848384000004,34484.01,-68317.27271999989,-0.04605255712869316,2021-07-02 18:45:00,2021-07-03 16:30:00,,0 days 21:45:00
524,81,135706,135719,34759.478232,33749.78,-81785.55679200019,-0.029048141208013356,2021-07-06 17:00:00,2021-07-06 20:15:00,,0 days 03:15:00
525,-36,135898,136019,32325.11478,33473.4,-41338.26792000006,-0.035523005186990364,2021-07-08 17:00:00,2021-07-09 23:15:00,,1 days 06:15:00
526,21,136019,136035,33486.78936,33409.21,-1629.1665600000706,-0.002316715381877499,2021-07-09 23:15:00,2021-07-10 03:15:00,,0 days 04:00:00
527,42,136282,136284,34348.754007999996,34343.03,-240.40833599989128,-0.00016664383222353418,2021-07-12 17:00:00,2021-07-12 17:30:00,,0 days 00:30:00
528,-63,136474,136475,31942.547868,31992.67,-3157.6943159997973,-0.0015691338150958245,2021-07-14 17:00:00,2021-07-14 17:15:00,,0 days 00:15:00
529,-51,136669,136686,31460.4108,31787.3,-16671.349199999888,-0.010390493693108294,2021-07-16 17:45:00,2021-07-16 22:00:00,,0 days 04:15:00
530,-129,136960,136992,31400.114928000003,30791.01,78574.53571200055,0.019398175114857752,2021-07-19 18:30:00,2021-07-20 02:30:00,,0 days 08:00:00
531,-48,137050,137051,29819.777316,29822.52,-131.64883200003533,-9.197533472282693e-05,2021-07-20 17:00:00,2021-07-20 17:15:00,,0 days 00:15:00
532,78,137146,137191,30769.20276,31690.14,71833.10471999994,0.029930487545722695,2021-07-21 17:00:00,2021-07-22 04:15:00,,0 days 11:15:00
533,72,137921,138012,40408.166804,39316.98,-78565.4498879998,-0.027004115511916282,2021-07-29 18:45:00,2021-07-30 17:30:00,,0 days 22:45:00
534,-105,138013,138059,38707.520796000004,40142.87,-150711.66641999982,-0.0370819203731676,2021-07-30 17:45:00,2021-07-31 05:15:00,,0 days 11:30:00
535,-42,138394,138400,38414.628000000004,38518.75,-4373.1239999998215,-0.0027104778939939234,2021-08-03 17:00:00,2021-08-03 18:30:00,,0 days 01:30:00
536,-57,138490,138500,37899.843996,37895.02,274.9677720003674,0.00012728274028028785,2021-08-04 17:00:00,2021-08-04 19:30:00,,0 days 02:30:00
537,30,138682,138734,40883.176732,42590.01,51204.998040000064,0.04174903724308754,2021-08-06 17:00:00,2021-08-07 06:00:00,,0 days 13:00:00
538,18,138970,139021,43728.65446799999,45459.36,31152.69957600013,0.039578293753961935,2021-08-09 17:00:00,2021-08-10 05:45:00,,0 days 12:45:00
539,84,139162,139199,46256.305124,46363.57,9010.249584000092,0.0023189244301389245,2021-08-11 17:00:00,2021-08-12 02:15:00,,0 days 09:15:00
540,-63,139258,139264,45301.742052,45383.74,-5165.870723999782,-0.0018100396206810476,2021-08-12 17:00:00,2021-08-12 18:30:00,,0 days 01:30:00
541,33,139342,139365,46353.513992,46227.81,-4148.231736000082,-0.002711854640010669,2021-08-13 18:30:00,2021-08-14 00:15:00,,0 days 05:45:00
542,21,140030,140051,47637.0472,48458.0,17240.00879999998,0.0172334946906616,2021-08-20 22:30:00,2021-08-21 03:45:00,,0 days 05:15:00
543,-51,140415,140441,48577.751124,48337.4,12257.907324000036,0.004947761443021115,2021-08-24 22:45:00,2021-08-25 05:15:00,,0 days 06:30:00
544,-30,140491,140596,47258.569008000006,47112.23,4390.1702400000795,0.003096560286775296,2021-08-25 17:45:00,2021-08-26 20:00:00,,1 days 02:15:00
545,-27,140584,140630,46886.238000000005,46858.84,739.7460000002247,0.0005843505721232489,2021-08-26 17:00:00,2021-08-27 04:30:00,,0 days 11:30:00
546,66,140706,140755,48179.284007999995,48939.9,50200.65547200042,0.015787199989806933,2021-08-27 23:30:00,2021-08-28 11:45:00,,0 days 12:15:00
547,24,141256,141266,49878.403384,49931.79,1281.278784000082,0.0010703353030168117,2021-09-02 17:00:00,2021-09-02 19:30:00,,0 days 02:30:00
548,-57,141739,141782,51172.22292,46908.36,243040.18643999996,0.08332377756318898,2021-09-07 17:45:00,2021-09-08 04:30:00,,0 days 10:45:00
549,-9,141832,141930,44945.594568,46380.56,-12914.688887999975,-0.03192672042259859,2021-09-08 17:00:00,2021-09-09 17:30:00,,1 days 00:30:00
550,39,141930,141968,46399.112224,46650.22,9793.20326400017,0.005411909063857356,2021-09-09 17:30:00,2021-09-10 03:00:00,,0 days 09:30:00
551,-66,142028,142062,45809.848728000004,45580.06,15166.05604800045,0.005016142475483765,2021-09-10 18:00:00,2021-09-11 02:30:00,,0 days 08:30:00
552,-30,142313,142335,44372.663832,46391.95,-60578.58503999996,-0.04550743619191411,2021-09-13 17:15:00,2021-09-13 22:45:00,,0 days 05:30:00
553,48,142408,142450,45842.489664,46367.95,25222.09612799983,0.01146229927413045,2021-09-14 17:00:00,2021-09-15 03:30:00,,0 days 10:30:00
554,36,142514,142546,47609.025996,47960.22,12642.984144000162,0.0073766265251784535,2021-09-15 19:30:00,2021-09-16 03:30:00,,0 days 08:00:00
555,-21,142984,143011,44892.26590800001,43807.99,22769.79406800022,0.024152844283290897,2021-09-20 17:00:00,2021-09-20 23:45:00,,0 days 06:45:00
556,30,143273,143327,44177.944112,44665.62,14630.276640000156,0.011038899564082216,2021-09-23 17:15:00,2021-09-24 06:45:00,,0 days 13:30:00
557,66,143369,143372,45071.791507999995,43963.25,-73163.73952799966,-0.02459501765762373,2021-09-24 17:15:00,2021-09-24 18:00:00,,0 days 00:45:00
558,-36,143752,143767,41899.13364,42101.49,-7284.828959999926,-0.004829607259630997,2021-09-28 17:00:00,2021-09-28 20:45:00,,0 days 03:45:00
559,39,144034,144059,44879.814748,47130.0,87757.22482800012,0.05013802451357674,2021-10-01 17:30:00,2021-10-01 23:45:00,,0 days 06:15:00
560,33,144419,144435,49939.957996,50000.0,1981.386132000087,0.0012022838306113837,2021-10-05 17:45:00,2021-10-05 21:45:00,,0 days 04:00:00
561,57,144705,144722,55314.937128,54952.42,-20663.47629599997,-0.006553693212398071,2021-10-08 17:15:00,2021-10-08 21:30:00,,0 days 04:15:00
562,30,145014,145035,57292.89799599999,57343.26,1510.8601200002886,0.0008790269956937546,2021-10-11 22:30:00,2021-10-12 03:45:00,,0 days 05:15:00
563,-24,145190,145232,54555.309144,57342.79,-66899.54054400005,-0.05109458455532501,2021-10-13 18:30:00,2021-10-14 05:00:00,,0 days 10:30:00
564,21,145400,145432,60161.024787999995,61380.01,25598.689452000144,0.020262042016331305,2021-10-15 23:00:00,2021-10-16 07:00:00,,0 days 08:00:00
565,33,145876,145902,64397.788816,66291.57,62494.77907200022,0.029407549837013658,2021-10-20 22:00:00,2021-10-21 04:30:00,,0 days 06:30:00
566,33,145956,145977,66438.704856,63999.97,-80478.25024799985,-0.03670653817358027,2021-10-21 18:00:00,2021-10-21 23:15:00,,0 days 05:15:00
567,-21,146074,146097,61446.42159600001,60906.42,11340.033516000192,0.008788169953173663,2021-10-22 23:30:00,2021-10-23 05:15:00,,0 days 05:45:00
568,-60,146457,146504,61978.828548,60602.52,82578.51288000005,0.022206107799119024,2021-10-26 23:15:00,2021-10-27 11:00:00,,0 days 11:45:00
569,-24,146528,146579,58844.60274,58871.57,-647.214239999943,-0.0004582792430285476,2021-10-27 17:00:00,2021-10-28 05:45:00,,0 days 12:45:00
570,36,146628,146657,60768.2976,61276.34,18289.526399999944,0.008360319773052183,2021-10-28 18:00:00,2021-10-29 01:15:00,,0 days 07:15:00
571,39,147112,147145,63286.614524,63374.6,3431.4335640000645,0.00139026991192015,2021-11-02 19:00:00,2021-11-03 03:15:00,,0 days 08:15:00
572,27,147008,147145,62140.676331999995,63374.6,33315.93903600008,0.01985693978300951,2021-11-01 17:00:00,2021-11-03 03:15:00,,1 days 10:15:00
573,-54,147296,147316,61972.031268000006,61926.2,2474.888472000486,0.0007395476162755932,2021-11-04 17:00:00,2021-11-04 22:00:00,,0 days 05:00:00
574,15,147686,147771,66157.822548,68018.47,27909.71178000007,0.02812437562693404,2021-11-08 18:30:00,2021-11-09 15:45:00,,0 days 21:15:00
575,39,147898,147914,68370.75736799999,67979.58,-15255.917351999597,-0.005721413409164211,2021-11-10 23:30:00,2021-11-11 03:30:00,,0 days 04:00:00
576,-57,148072,148104,63812.474796,63758.01,3104.4933720000117,0.0008535133008729101,2021-11-12 19:00:00,2021-11-13 03:00:00,,0 days 08:00:00
577,42,148359,148380,66001.520052,64488.12,-63562.80218400019,-0.022929775720432755,2021-11-15 18:45:00,2021-11-16 00:00:00,,0 days 05:15:00
578,-54,148644,148686,59372.43152400001,58065.79,70558.64229600033,0.022007546102804088,2021-11-18 18:00:00,2021-11-19 04:30:00,,0 days 10:30:00
579,-12,148456,148686,58586.565996000005,58065.79,6249.311952000047,0.008889000185393403,2021-11-16 19:00:00,2021-11-19 04:30:00,,2 days 09:30:00
580,27,149050,149070,58303.952256,55987.83,-62535.30091199987,-0.03972496145424942,2021-11-22 23:30:00,2021-11-23 04:30:00,,0 days 05:00:00
581,-30,149409,149433,55869.463272,54736.71,33982.59816000005,0.02027499828457635,2021-11-26 17:15:00,2021-11-26 23:15:00,,0 days 06:00:00
582,57,149912,149928,57973.18,57705.48,-15258.899999999834,-0.004617652507590497,2021-12-01 23:00:00,2021-12-02 03:00:00,,0 days 04:00:00
583,33,149812,149928,58197.309616,57705.48,-16230.37732799985,-0.008451071350981776,2021-11-30 22:00:00,2021-12-02 03:00:00,,1 days 05:00:00
584,-6,150375,150469,47409.198732,51329.03,-23518.98760800001,-0.08268081665244886,2021-12-06 18:45:00,2021-12-07 18:15:00,,0 days 23:30:00
585,15,150469,150570,51349.561612,49532.45,-27256.67418000001,-0.0353870910472458,2021-12-07 18:15:00,2021-12-08 19:30:00,,1 days 01:15:00
586,-60,150570,150586,49512.63702,50121.07,-36505.978799999866,-0.012288438197186391,2021-12-08 19:30:00,2021-12-08 23:30:00,,0 days 04:00:00
587,-42,150663,150712,49187.26722,48160.59,43120.44324000021,0.020872824981473026,2021-12-09 18:45:00,2021-12-10 07:00:00,,0 days 12:15:00
588,-27,150752,150774,47699.022756000006,50016.89,-62582.41558799983,-0.04859360024746895,2021-12-10 17:00:00,2021-12-10 22:30:00,,0 days 05:30:00
589,42,151239,151260,48513.837776,47000.0,-63581.18659200001,-0.031204246981855976,2021-12-15 18:45:00,2021-12-16 00:00:00,,0 days 05:15:00
590,-75,151716,151740,45952.201764,46131.26,-13429.36770000033,-0.0038966192941005673,2021-12-20 18:00:00,2021-12-21 00:00:00,,0 days 06:00:00
591,-33,151450,151793,45867.435684000004,48712.23,-93878.21242799998,-0.06202209200442299,2021-12-17 23:30:00,2021-12-21 13:15:00,,3 days 13:45:00
592,27,151809,151877,48907.565204,48837.39,-1894.7305079999787,-0.0014348537635698877,2021-12-21 17:15:00,2021-12-22 10:15:00,,0 days 17:00:00
593,-69,151927,151985,48540.576,48546.45,-405.3059999997349,-0.00012101216104221102,2021-12-22 22:45:00,2021-12-23 13:15:00,,0 days 14:30:00
594,99,152406,152431,51249.79172,51204.64,-4470.020280000164,-0.0008810127511675869,2021-12-27 22:30:00,2021-12-28 04:45:00,,0 days 06:15:00
595,108,152770,152810,48378.603704,46877.89,-162077.08003200017,-0.031020194654272748,2021-12-31 17:30:00,2022-01-01 03:30:00,,0 days 10:00:00
596,108,153253,153265,46818.750012,46001.65,-88246.8012959995,-0.01745240980997076,2022-01-05 18:15:00,2022-01-05 21:15:00,,0 days 03:00:00
597,-18,153352,153441,42644.915208000006,42278.03,6603.933744000125,0.008603258001816383,2022-01-06 19:00:00,2022-01-07 17:15:00,,0 days 22:15:00
598,-84,153850,153857,41412.758268000005,42304.65,-74918.9054879997,-0.02153664158828006,2022-01-11 23:30:00,2022-01-12 01:15:00,,0 days 01:45:00
599,45,154041,154062,44207.195808,42561.67,-74048.66135999994,-0.03722303072890709,2022-01-13 23:15:00,2022-01-14 04:30:00,,0 days 05:15:00
600,-48,154123,154256,42058.459884,43699.99,-78793.44556799973,-0.039029724828903545,2022-01-14 19:45:00,2022-01-16 05:00:00,,1 days 09:15:00
601,-87,154497,154528,41744.005716,41522.48,19272.737291999692,0.005306767096265763,2022-01-18 17:15:00,2022-01-19 01:00:00,,0 days 07:45:00
602,-15,155077,155100,34711.499844,33457.53,18809.54765999999,0.03612548721995812,2022-01-24 18:15:00,2022-01-25 00:00:00,,0 days 05:45:00
603,36,155194,155217,36835.038124,36778.57,-2032.8524639999669,-0.001533000286572439,2022-01-25 23:30:00,2022-01-26 05:15:00,,0 days 05:45:00
604,42,155844,155963,38959.847707999994,37703.72,-52757.363735999694,-0.03224159697477613,2022-02-01 18:00:00,2022-02-02 23:45:00,,1 days 05:45:00
605,-75,155963,155981,37688.638512000005,37503.25,13904.138400000375,0.004918949564627462,2022-02-02 23:45:00,2022-02-03 04:15:00,,0 days 04:30:00
606,-42,156040,156156,36428.582736000004,38284.69,-77956.50508799993,-0.05095194829431904,2022-02-03 19:00:00,2022-02-05 00:00:00,,1 days 05:00:00
607,12,156442,156470,43326.62372,43962.9,7635.315359999979,0.014685572642630929,2022-02-07 23:30:00,2022-02-08 06:30:00,,0 days 07:00:00
608,90,156712,156727,44557.655935999996,43636.88,-82869.83423999984,-0.020664819920566457,2022-02-10 19:00:00,2022-02-10 22:45:00,,0 days 03:45:00
609,42,157185,157215,43877.533996,44198.96,13499.892168000035,0.007325525724150905,2022-02-15 17:15:00,2022-02-16 00:45:00,,0 days 07:30:00
610,-96,157381,157447,43232.690004,40784.37,235038.7203839994,0.05663122058269954,2022-02-17 18:15:00,2022-02-18 10:45:00,,0 days 16:30:00
611,-87,157306,157447,43551.572400000005,40784.37,240746.60880000016,0.06353851876080607,2022-02-16 23:30:00,2022-02-18 10:45:00,,1 days 11:15:00
612,42,157953,157979,38761.928572,38660.07,-4278.060023999889,-0.002627799383376761,2022-02-23 17:15:00,2022-02-23 23:45:00,,0 days 06:30:00
613,66,158458,158508,39299.883667999995,42954.96,241235.03791200026,0.09300476212290065,2022-02-28 23:30:00,2022-03-01 12:00:00,,0 days 12:30:00
614,69,159205,159316,38893.391136,41932.26,209681.95161600027,0.07813329656377554,2022-03-08 18:15:00,2022-03-09 22:00:00,,1 days 03:45:00
615,18,159298,159338,42178.10449599999,41962.44,-3881.960927999826,-0.005113186061275976,2022-03-09 17:30:00,2022-03-10 03:30:00,,0 days 10:00:00
616,18,161142,161176,47560.386548,47624.54,1154.7621359999757,0.0013488841587789846,2022-03-28 22:30:00,2022-03-29 07:00:00,,0 days 08:30:00
617,-141,161433,161462,46335.068556000006,45814.5,73400.1663960008,0.011234871820052561,2022-03-31 23:15:00,2022-04-01 06:30:00,,0 days 07:15:00
618,-90,161914,161969,45779.190996000005,45287.37,44263.8896400002,0.010743330873692725,2022-04-05 23:30:00,2022-04-06 13:15:00,,0 days 13:45:00
619,180,162178,162190,43799.592832,43327.46,-84983.90976000053,-0.01077938860781058,2022-04-08 17:30:00,2022-04-08 20:30:00,,0 days 03:00:00
620,-33,162471,162543,41399.653512000004,39747.13,54533.27589600023,0.03991636093091966,2022-04-11 18:45:00,2022-04-12 12:45:00,,0 days 18:00:00
621,108,162680,162706,40662.228387999996,41171.96,55051.01409600035,0.01253575202854429,2022-04-13 23:00:00,2022-04-14 05:30:00,,0 days 06:30:00
622,72,163334,163352,41626.29386,41721.29,6839.722080000211,0.0022821186128052506,2022-04-20 18:30:00,2022-04-20 23:00:00,,0 days 04:30:00
623,27,163255,163352,41468.10060799999,41721.29,6836.1135840002025,0.006105642368176456,2022-04-19 22:45:00,2022-04-20 23:00:00,,1 days 00:15:00
624,150,163425,163454,41898.992895999996,42275.43,56465.56560000063,0.008984395041054638,2022-04-21 17:15:00,2022-04-22 00:30:00,,0 days 07:15:00
625,-42,163527,163566,40282.140696,39627.07,27512.969232000105,0.01626206265808139,2022-04-22 18:45:00,2022-04-23 04:30:00,,0 days 09:45:00
626,-27,163812,163874,38372.884704,40709.59,-63091.042992,-0.060894699838827115,2022-04-25 18:00:00,2022-04-26 09:30:00,,0 days 15:30:00
627,138,164099,164115,39650.12370799999,39560.12,-12420.51170399852,-0.002269947722302601,2022-04-28 17:45:00,2022-04-28 21:45:00,,0 days 04:00:00
628,-114,164197,164215,39213.778212000005,39277.05,-7212.983831999794,-0.0016135091002436042,2022-04-29 18:15:00,2022-04-29 22:45:00,,0 days 04:30:00
629,-114,164600,164631,38257.061052000005,37795.58,52608.83992800032,0.012062637309560809,2022-05-03 23:00:00,2022-05-04 06:45:00,,0 days 07:45:00
630,75,164673,164695,38849.763692,38712.06,-10327.776900000208,-0.003544518136370467,2022-05-04 17:15:00,2022-05-04 22:45:00,,0 days 05:30:00
631,-57,164795,164823,38193.716400000005,36458.58,98902.77480000017,0.045429891708574366,2022-05-05 23:45:00,2022-05-06 06:45:00,,0 days 07:00:00
632,-21,165162,165207,33063.009504,30835.14,46785.25958400004,0.06738253829345064,2022-05-09 19:30:00,2022-05-10 06:45:00,,0 days 11:15:00
633,48,165353,165362,31721.173396000002,30361.48,-65265.283008000115,-0.04286390604237411,2022-05-11 19:15:00,2022-05-11 21:30:00,,0 days 02:15:00
634,63,165922,165961,30715.521296,29593.89,-70662.77164799997,-0.03651675923683795,2022-05-17 17:30:00,2022-05-18 03:15:00,,0 days 09:45:00
635,-66,166036,166060,29611.030848000002,29288.05,21316.73596800019,0.010907450323426215,2022-05-18 22:00:00,2022-05-19 04:00:00,,0 days 06:00:00
636,-228,166785,166811,29182.112484,29250.71,-15640.233647999543,-0.0023506699879114468,2022-05-26 17:15:00,2022-05-26 23:45:00,,0 days 06:30:00
637,-45,166616,166928,28763.729904000003,28858.79,-4277.704319999884,-0.0033048598466631773,2022-05-24 23:00:00,2022-05-28 05:00:00,,3 days 06:00:00
638,-129,167387,167423,31160.021004000002,29805.83,174690.63951600002,0.04345924554499381,2022-06-01 23:45:00,2022-06-02 08:45:00,,0 days 09:00:00
639,42,167842,167859,31419.172644,31408.96,-428.93104799996945,-0.0003250449690612722,2022-06-06 17:30:00,2022-06-06 21:45:00,,0 days 04:15:00
640,126,168137,168145,30600.095144,30090.5,-64208.98814399987,-0.016653384298379148,2022-06-09 19:15:00,2022-06-09 21:15:00,,0 days 02:00:00
641,-81,168245,168274,29437.380336000002,29178.01,21008.99721600029,0.008810917718884426,2022-06-10 22:15:00,2022-06-11 05:30:00,,0 days 07:15:00
642,-12,168513,168546,24732.323112000002,23642.86,13073.557344000015,0.04405017300907732,2022-06-13 17:15:00,2022-06-14 01:30:00,,0 days 08:15:00
643,-30,168705,168772,20456.754023999998,22877.52,-72622.97928000007,-0.1183357815790298,2022-06-15 17:15:00,2022-06-16 10:00:00,,0 days 16:45:00
644,54,169282,169318,21329.848528,21271.62,-3144.3405119999807,-0.0027299081811839043,2022-06-21 17:30:00,2022-06-22 02:30:00,,0 days 09:00:00
645,120,169479,169554,20754.69856,21014.25,31146.172799999913,0.012505671390488304,2022-06-23 18:45:00,2022-06-24 13:30:00,,0 days 18:45:00
646,126,169859,169878,21498.39592,20913.72,-73669.16591999974,-0.02719625790573854,2022-06-27 17:45:00,2022-06-27 22:30:00,,0 days 04:45:00
647,-78,170146,170163,19298.62746,19204.37,7352.081880000056,0.004884153559384874,2022-06-30 17:30:00,2022-06-30 21:45:00,,0 days 04:15:00
648,-54,170250,170444,19142.8398,19111.27,1704.7692000000607,0.0016491701508154488,2022-07-01 19:30:00,2022-07-03 20:00:00,,2 days 00:30:00
649,153,170842,170880,20911.851396000002,21618.99,108192.20641199997,0.03381520797031201,2022-07-07 23:30:00,2022-07-08 09:00:00,,0 days 09:30:00
650,-78,171307,171365,19611.512256,19395.11,16879.375968000095,0.011034450233882165,2022-07-12 19:45:00,2022-07-13 10:15:00,,0 days 14:30:00
651,153,171394,171410,19886.461403999998,19335.47,-84301.6848119995,-0.02770686009976464,2022-07-13 17:30:00,2022-07-13 21:30:00,,0 days 04:00:00
652,69,171588,171638,20902.277567999998,20949.05,3227.2978080001085,0.0022376715574576878,2022-07-15 18:00:00,2022-07-16 06:30:00,,0 days 12:30:00
653,42,171872,172019,22415.892772,23300.14,37138.38357600001,0.03944733484380891,2022-07-18 17:00:00,2022-07-20 05:45:00,,1 days 12:45:00
654,153,172260,172281,23443.983844,23489.95,7032.821868000341,0.0019606802455534034,2022-07-22 18:00:00,2022-07-22 23:15:00,,0 days 05:15:00
655,30,172086,172527,23934.11982,21764.88,-65077.194599999966,-0.09063378291385182,2022-07-20 22:30:00,2022-07-25 12:45:00,,4 days 14:15:00
656,-63,172662,172677,20967.009840000002,21005.79,-2443.150079999901,-0.001849579901756604,2022-07-26 22:30:00,2022-07-27 02:15:00,,0 days 03:45:00
657,186,172759,172804,21472.48556,22725.92,233138.8058399995,0.058373979877530235,2022-07-27 22:45:00,2022-07-28 10:00:00,,0 days 11:15:00
658,-96,173319,173346,22701.995568000002,23383.16,-65391.785471999785,-0.030004605980988863,2022-08-02 18:45:00,2022-08-03 01:30:00,,0 days 06:45:00
659,198,173409,173429,23201.006692,23278.37,15317.934983999992,0.0033344806553878836,2022-08-03 17:15:00,2022-08-03 22:15:00,,0 days 05:00:00
660,96,173889,173918,23932.26908,23948.03,1513.04832000006,0.0006585635464533279,2022-08-08 17:15:00,2022-08-09 00:30:00,,0 days 07:15:00
661,-294,173991,174033,23463.230952,23118.59,101324.43988800046,0.014688554730806325,2022-08-09 18:45:00,2022-08-10 05:15:00,,0 days 10:30:00
662,54,174102,174177,24058.219439999997,24456.58,21511.47024000025,0.01655818964464495,2022-08-10 22:30:00,2022-08-11 17:15:00,,0 days 18:45:00
663,-183,174682,174744,23735.45202,24193.69,-83857.55033999964,-0.019306056594746046,2022-08-16 23:30:00,2022-08-17 15:00:00,,0 days 15:30:00
664,-108,174753,174792,23748.706716,23538.2,22734.725327999986,0.008863923350326153,2022-08-17 17:15:00,2022-08-18 03:00:00,,0 days 09:45:00
665,-39,174945,174977,21755.59428,21491.51,10299.286920000108,0.012138683807078388,2022-08-19 17:15:00,2022-08-20 01:15:00,,0 days 08:00:00
666,-84,175232,175352,20964.370896,21632.29,-56105.20473600004,-0.03185972559412398,2022-08-22 17:00:00,2022-08-23 23:00:00,,1 days 06:00:00
667,36,175352,175475,21640.942916,21691.93,1835.5350240000116,0.002356047247936921,2022-08-23 23:00:00,2022-08-25 05:45:00,,1 days 06:45:00
668,-162,176219,176273,19685.22276,20258.09,-92804.49287999993,-0.029101384677447273,2022-09-01 23:45:00,2022-09-02 13:15:00,,0 days 13:30:00
669,177,176309,176325,20374.936716,19895.66,-84831.97873200005,-0.023522856668488967,2022-09-02 22:15:00,2022-09-03 02:15:00,,0 days 04:00:00
670,39,176970,177003,21031.639292,21168.86,5351.607612000029,0.006524489417817136,2022-09-09 19:30:00,2022-09-10 03:45:00,,0 days 08:15:00
671,39,177249,177278,22181.328984,22169.21,-472.64037600002484,-0.0005463596887608224,2022-09-12 17:15:00,2022-09-13 00:30:00,,0 days 07:15:00
672,168,177354,177362,22567.903552,22072.12,-83291.63673600013,-0.021968524938864475,2022-09-13 19:30:00,2022-09-13 21:30:00,,0 days 02:00:00
673,-111,177657,177678,19626.226368000003,19642.32,-1786.393151999604,-0.0008200064392529516,2022-09-16 23:15:00,2022-09-17 04:30:00,,0 days 05:15:00
674,108,178210,178278,19202.027739999998,19297.56,10317.484080000388,0.00497511311271559,2022-09-22 17:30:00,2022-09-23 10:30:00,,0 days 17:00:00
675,-249,178996,179000,19285.362768000003,19601.46,-78708.21076799912,-0.01639052559200449,2022-09-30 22:00:00,2022-09-30 23:00:00,,0 days 01:00:00
676,81,179360,179426,20078.188063999998,20196.23,9561.396816000117,0.005879112976914902,2022-10-04 17:00:00,2022-10-05 09:30:00,,0 days 16:30:00
677,-198,179478,179491,19831.594188,20272.84,-87366.6707760002,-0.022249639026346912,2022-10-05 22:30:00,2022-10-06 01:45:00,,0 days 03:15:00
678,-273,179555,179589,20134.24308,20135.91,-455.06915999990815,-8.279029876501198e-05,2022-10-06 17:45:00,2022-10-07 02:15:00,,0 days 08:30:00
679,-156,179668,179697,19633.113612,19544.07,13890.803472000203,0.004535379041741838,2022-10-07 22:00:00,2022-10-08 05:15:00,,0 days 07:15:00
680,-111,179937,180016,19191.110484,19077.32,12630.743724000113,0.00592933296355469,2022-10-10 17:15:00,2022-10-11 13:00:00,,0 days 19:45:00
681,-366,180233,180254,18763.751496,18945.03,-66347.93246399928,-0.009661101301551733,2022-10-13 19:15:00,2022-10-14 00:30:00,,0 days 05:15:00
682,243,180922,180938,19293.204196000002,18972.69,-77884.9496280009,-0.01661280276432542,2022-10-20 23:30:00,2022-10-21 03:30:00,,0 days 04:00:00
683,-456,180995,181015,18972.797844,19065.36,-42208.34313599998,-0.004878677186204827,2022-10-21 17:45:00,2022-10-21 22:45:00,,0 days 05:00:00
684,651,181399,181430,19486.181355999997,20134.4,421990.3372440027,0.03326555532648845,2022-10-25 22:45:00,2022-10-26 06:30:00,,0 days 07:45:00
685,57,181474,181513,20676.787408,20759.62,4721.457743999934,0.004006066820997134,2022-10-26 17:30:00,2022-10-27 03:15:00,,0 days 09:45:00
686,-108,181665,181698,20099.417016,20710.02,-65945.12227200011,-0.030379139032437275,2022-10-28 17:15:00,2022-10-29 01:30:00,,0 days 08:15:00
687,102,181961,182074,20777.177548,20414.86,-36956.389895999906,-0.017438246709061578,2022-10-31 19:15:00,2022-11-01 23:30:00,,1 days 04:15:00
688,-309,182164,182184,20390.530523999998,20599.51,-64574.65808400013,-0.01024884937417525,2022-11-02 22:00:00,2022-11-03 03:00:00,,0 days 05:00:00
689,-198,182074,182184,20406.694056,20653.83,-48932.91691200029,-0.012110533108489419,2022-11-01 23:30:00,2022-11-03 03:00:00,,1 days 03:30:00
690,144,182338,182370,20656.589332,20770.04,16336.89619200019,0.005492226532491928,2022-11-04 17:30:00,2022-11-05 01:30:00,,0 days 08:00:00
691,-54,182747,182754,19404.555072,20660.08,-67798.34611200014,-0.06470258778629123,2022-11-08 23:45:00,2022-11-09 01:30:00,,0 days 01:45:00
692,-33,182823,182883,17756.884404000004,16272.46,48986.00533200016,0.08359712043097023,2022-11-09 18:45:00,2022-11-10 09:45:00,,0 days 15:00:00
693,207,183393,183434,16953.448667999997,16709.64,-50468.394275999555,-0.014381066222838301,2022-11-15 17:15:00,2022-11-16 03:30:00,,0 days 10:15:00
694,-315,183492,183527,16758.74382,16577.01,57246.153300000406,0.01084411946097763,2022-11-16 18:00:00,2022-11-17 02:45:00,,0 days 08:45:00
695,171,184088,184104,16143.274727999999,16154.87,1982.7915120003927,0.0007182726054888455,2022-11-22 23:00:00,2022-11-23 03:00:00,,0 days 04:00:00
696,171,184743,184821,16523.246656,16902.09,64782.21182400014,0.022927899818189434,2022-11-29 18:45:00,2022-11-30 14:15:00,,0 days 19:30:00
697,-177,185418,185518,16955.685012,16808.52,26048.20712400023,0.008679390534552245,2022-12-06 19:30:00,2022-12-07 20:30:00,,1 days 01:00:00
698,225,186087,186118,17434.791128,17706.29,61087.24620000002,0.01557224689454273,2022-12-13 18:45:00,2022-12-14 02:30:00,,0 days 07:45:00
699,90,186180,186222,17847.626196,17828.23,-1745.6576400001359,-0.001086766149570595,2022-12-14 18:00:00,2022-12-15 04:30:00,,0 days 10:30:00
700,-279,186294,186319,17490.510996,17442.25,13464.817884000247,0.00275926735422638,2022-12-15 22:30:00,2022-12-16 04:45:00,,0 days 06:15:00
701,-189,186372,186396,17019.699396,16986.38,6297.3658439998035,0.0019576959160529928,2022-12-16 18:00:00,2022-12-17 00:00:00,,0 days 06:00:00
702,-1035,186967,186991,16773.327984000003,16662.13,115089.91344000226,0.0066294526706968115,2022-12-22 22:45:00,2022-12-23 04:45:00,,0 days 06:00:00
703,-345,187739,187764,16406.83464,16639.11,-80134.99919999987,-0.014157231732787157,2022-12-30 23:45:00,2022-12-31 06:00:00,,0 days 06:15:00
704,-834,188314,188317,16785.393156000002,16869.44,-70095.06789599732,-0.005007141817822358,2023-01-05 23:30:00,2023-01-06 00:15:00,,0 days 00:45:00
705,135,188681,188720,17268.534652,17240.96,-3722.57801999991,-0.001596814816988923,2023-01-09 19:15:00,2023-01-10 05:00:00,,0 days 09:45:00
706,969,188771,188828,17263.242535999998,17431.64,163177.14261600145,0.00975468331912932,2023-01-10 17:45:00,2023-01-11 08:00:00,,0 days 14:15:00
707,81,189063,189081,18917.794092,18926.24,684.1185480001222,0.00044645310964530616,2023-01-13 18:45:00,2023-01-13 23:15:00,,0 days 04:30:00
708,201,189465,189497,21287.731688,21307.15,3903.080712000323,0.0009121832370213578,2023-01-17 23:15:00,2023-01-18 07:15:00,,0 days 08:00:00
