,Size,EntryBar,ExitBar,EntryPrice,ExitPrice,PnL,ReturnPct,EntryTime,ExitTime,Duration
0,-241,214,597,4046.5002079999995,4222.092,-42317.62187200004,-0.04339349634848699,2017-08-19 18:30:00,2017-08-23 18:15:00,3 days 23:45:00
1,214,611,1543,4245.19344,4503.396676051421,55255.49251500416,0.06082249011753427,2017-08-23 21:45:00,2017-09-02 14:45:00,9 days 17:00:00
2,133,1549,1578,4729.800816,4493.5,-31428.00852799999,-0.049959993072148046,2017-09-02 16:15:00,2017-09-02 23:30:00,0 days 07:15:00
3,-132,1590,1911,4519.3816,4489.413451225624,3955.7956382175726,0.006631028628867219,2017-09-03 02:30:00,2017-09-06 10:45:00,3 days 08:15:00
4,202,1915,2123,4466.340216,4410.554190951761,-11268.777059744283,-0.012490321460150722,2017-09-06 11:45:00,2017-09-08 22:30:00,2 days 10:45:00
5,-131,2135,2330,4354.583543999999,4241.800111773866,14774.629621623462,0.02589993534089685,2017-09-09 01:30:00,2017-09-11 02:15:00,2 days 00:45:00
6,-232,2336,2797,4234.669552,3636.2616608200196,138830.6307537555,0.14131159086483092,2017-09-11 03:45:00,2017-09-15 23:00:00,4 days 19:15:00
7,83,2809,3378,3592.872,3726.7777055659944,11114.173561977552,0.037269823574564986,2017-09-16 02:00:00,2017-09-22 00:15:00,5 days 22:15:00
8,-280,3393,3758,3670.71108,3849.308727065988,-50007.341178476636,-0.04865478191380501,2017-09-22 04:00:00,2017-09-25 23:15:00,3 days 19:15:00
9,276,3771,4100,3911.917032,3958.528012990017,12864.630753244746,0.011915125144202454,2017-09-26 02:30:00,2017-09-29 12:45:00,3 days 10:15:00
10,-188,4112,4150,4053.284776,4259.367,-38743.458112000044,-0.05084326302958986,2017-09-29 15:45:00,2017-09-30 01:15:00,0 days 09:30:00
11,232,4154,4510,4209.354791999999,4202.9750019467365,-1480.1112923569453,-0.001515621839572101,2017-09-30 02:15:00,2017-10-03 19:15:00,3 days 17:00:00
12,219,5241,5653,4769.8027919999995,5608.26266611479,183622.71243113905,0.17578501893643694,2017-10-11 10:00:00,2017-10-15 17:00:00,4 days 07:00:00
13,-185,5666,5999,5545.540015999999,5538.249583270585,1348.7300549415204,0.0013146479348051798,2017-10-15 20:15:00,2017-10-19 07:30:00,3 days 11:15:00
14,-189,6321,6721,5866.333175999999,5814.659871775033,9766.254498518603,0.00880845030015831,2017-10-22 16:00:00,2017-10-26 20:00:00,4 days 04:00:00
15,205,7055,7746,6104.910023999999,7187.068030641631,221842.3913615345,0.1772602712222433,2017-10-30 07:30:00,2017-11-06 12:15:00,7 days 04:45:00
16,-195,7755,7983,7244.219984,7466.47193835001,-43339.13109825182,-0.030679901333875437,2017-11-06 14:30:00,2017-11-08 23:30:00,2 days 09:00:00
17,132,7998,7999,7406.920799999999,7030.95,-49628.14559999989,-0.050759392486011135,2017-11-09 03:15:00,2017-11-09 03:30:00,0 days 00:15:00
18,75,8004,8163,7250.795999999999,6886.55,-27318.44999999994,-0.05023531209538912,2017-11-09 04:45:00,2017-11-10 20:30:00,1 days 15:45:00
19,-127,8176,8599,6719.390184,6733.115132340898,-1743.0684392940148,-0.0020425883845203163,2017-11-10 23:45:00,2017-11-15 09:30:00,4 days 09:45:00
20,187,8665,9187,7152.707591999999,7966.860147473645,152246.52787357187,0.113824386779664,2017-11-16 02:00:00,2017-11-21 12:30:00,5 days 10:30:00
21,136,9196,9463,8046.572112,7969.688785877886,-10456.132352607427,-0.009554792407496793,2017-11-21 14:45:00,2017-11-24 09:30:00,2 days 18:45:00
22,144,9501,10017,8155.669319999999,9863.2646193031,245893.72309964648,0.20937524957217124,2017-11-24 19:00:00,2017-11-30 04:00:00,5 days 09:00:00
23,-29,10029,10044,9876.5924,10378.725,-14561.845400000024,-0.050840672538030596,2017-11-30 07:00:00,2017-11-30 10:45:00,0 days 03:45:00
24,46,10060,10079,10189.164816,9689.05,-23005.281536000053,-0.049083003860598384,2017-11-30 14:45:00,2017-11-30 19:30:00,0 days 04:45:00
25,-47,10104,10109,9063.763184,9524.571,-21657.96735200002,-0.050840672538030374,2017-12-01 01:45:00,2017-12-01 03:00:00,0 days 01:15:00
26,-49,10110,10130,9492.4,9985.4895,-24161.385500000004,-0.0519457144663098,2017-12-01 03:15:00,2017-12-01 08:15:00,0 days 05:00:00
27,-59,10135,10182,9792.16,10290.0,-29372.56000000001,-0.050840672538030374,2017-12-01 09:30:00,2017-12-01 21:15:00,0 days 11:45:00
28,66,10195,10410,10483.870391999999,11033.988130359003,36307.770731694254,0.05247277177127119,2017-12-02 00:30:00,2017-12-04 06:15:00,2 days 05:45:00
29,79,10411,10413,11150.213039999999,10557.806,-46800.15615999986,-0.0531296610992823,2017-12-04 06:30:00,2017-12-04 07:00:00,0 days 00:30:00
30,53,10416,10969,11141.446032,13372.709359890789,118256.9563782118,0.20026694214397733,2017-12-04 07:45:00,2017-12-10 02:30:00,5 days 18:45:00
31,-28,10974,10990,13988.230456,14698.95,-19900.14723200004,-0.05080839540323345,2017-12-10 03:45:00,2017-12-10 07:45:00,0 days 04:00:00
32,-32,10991,11052,14608.413912,15346.8,-23628.354815999977,-0.050545260590778796,2017-12-10 08:00:00,2017-12-10 23:15:00,0 days 15:15:00
33,30,11064,11080,15303.973391999998,14489.894,-24422.381759999935,-0.05319398898233507,2017-12-11 02:15:00,2017-12-11 06:15:00,0 days 04:00:00
34,35,11081,11293,14741.283599999999,15543.216365137234,28067.646779803224,0.05440047060333564,2017-12-11 06:30:00,2017-12-13 11:30:00,2 days 05:00:00
35,-37,11303,11476,15737.909592,16538.0355,-29604.658596000067,-0.050840672538030596,2017-12-13 14:00:00,2017-12-15 09:15:00,1 days 19:15:00
36,45,11492,11765,17068.684032,18346.640216453576,57508.028300410864,0.07487139500957962,2017-12-15 13:15:00,2017-12-18 09:30:00,2 days 20:15:00
37,-28,11774,11810,18278.985104,19146.75,-24297.417088000017,-0.04747336304848271,2017-12-18 11:45:00,2017-12-18 20:45:00,0 days 09:00:00
38,37,11821,11895,18794.503584,17840.506,-35297.91060799989,-0.050759392486011023,2017-12-19 00:30:00,2017-12-19 19:00:00,0 days 18:30:00
39,-26,11906,12584,17765.775999999998,15444.814192356042,60345.00699874287,0.13064229829555185,2017-12-19 21:45:00,2017-12-26 23:15:00,7 days 01:30:00
40,48,12598,12689,15542.423999999999,14753.5,-37868.351999999955,-0.050759392486011135,2017-12-27 02:45:00,2017-12-28 01:30:00,0 days 22:45:00
41,-36,12697,13273,14888.089992,14696.791222875607,6886.75568847813,0.012849114240119808,2017-12-28 03:30:00,2018-01-03 03:30:00,6 days 00:00:00
42,39,13285,13783,14611.690008,15544.084927663525,36363.40186687751,0.06381157273067206,2018-01-03 06:30:00,2018-01-08 12:45:00,5 days 06:15:00
43,-51,13791,14943,15797.541848,12845.215100061736,150568.6641448515,0.18688519874451448,2018-01-08 14:45:00,2018-01-20 14:45:00,12 days 00:00:00
44,53,14953,15036,12590.074008,11951.0095,-33870.41892399997,-0.050759392486011135,2018-01-20 17:15:00,2018-01-21 14:00:00,0 days 20:45:00
45,-50,15050,15708,11846.525192,11894.453507305792,-2396.4157652896574,-0.004045769922319531,2018-01-21 17:30:00,2018-01-28 14:00:00,6 days 20:30:00
46,96,15721,15810,11995.5888,11386.7,-58453.324799999886,-0.050759392486011135,2018-01-28 17:15:00,2018-01-29 15:30:00,0 days 22:15:00
47,-102,15819,16689,11460.843984000001,8167.621752633515,335908.6675993816,0.2873455249861192,2018-01-29 17:45:00,2018-02-07 19:15:00,9 days 01:30:00
48,63,16705,16714,8295.320952,7879.0244999999995,-26226.67647600003,-0.050184490076858546,2018-02-07 23:15:00,2018-02-08 01:30:00,0 days 02:15:00
49,67,16715,16742,7941.94848,7532.075,-27461.52316000001,-0.05160868029201826,2018-02-08 01:45:00,2018-02-08 08:30:00,0 days 06:45:00
50,67,16746,16910,7796.131919999999,8025.387460409353,15360.121207426695,0.029406318769597428,2018-02-09 19:00:00,2018-02-11 12:15:00,1 days 17:15:00
51,-92,16920,17003,8093.5199999999995,8505.0,-37856.16000000005,-0.050840672538030596,2018-02-11 15:00:00,2018-02-12 11:45:00,0 days 20:45:00
52,107,17014,17591,8421.732,10428.028481290348,214673.72349806727,0.2382284880699539,2018-02-12 14:30:00,2018-02-18 14:45:00,6 days 00:15:00
53,74,17593,17856,10569.448799999998,11006.072214866794,32310.13270014286,0.04130995126886794,2018-02-18 15:15:00,2018-02-21 09:00:00,2 days 17:45:00
54,-72,17869,18389,11128.769856,10114.605222452263,73019.85361543714,0.09112998531468042,2018-02-21 12:15:00,2018-02-26 22:15:00,5 days 10:00:00
55,96,18403,18624,10208.16,10270.08185864812,5944.498430219537,0.006065917721520764,2018-02-27 01:45:00,2018-03-01 09:00:00,2 days 07:15:00
56,-128,18632,18700,10411.664,10938.9,-67486.20799999987,-0.05063897567190012,2018-03-01 11:00:00,2018-03-02 04:00:00,0 days 17:00:00
57,140,18712,19106,10926.7344,11254.995611418552,45956.56959859731,0.03004202348128393,2018-03-02 07:00:00,2018-03-06 09:30:00,4 days 02:30:00
58,-159,19120,19655,11270.985992,9510.548778527726,279909.51694209164,0.1561919440519055,2018-03-06 13:00:00,2018-03-12 02:45:00,5 days 13:45:00
59,93,19665,19744,9532.619999999999,9044.0095,-45440.77649999989,-0.05125668494076119,2018-03-12 05:15:00,2018-03-13 01:00:00,0 days 19:45:00
60,-93,19754,20352,9218.81904,8347.540425478663,81028.9111504844,0.09451087072442821,2018-03-13 03:30:00,2018-03-19 09:00:00,6 days 05:30:00
61,76,20358,20698,8106.810263999999,8528.080530084417,32016.540222415762,0.05196498405237837,2018-03-19 10:30:00,2018-03-22 23:30:00,3 days 13:00:00
62,-141,20704,20890,8604.620792,8995.475035763064,-55110.44837059203,-0.04542376162892081,2018-03-23 01:00:00,2018-03-24 23:30:00,1 days 22:30:00
63,161,20901,20957,8869.780152,8415.138,-73197.38647199977,-0.05125743188769838,2018-03-25 02:15:00,2018-03-25 16:15:00,0 days 14:00:00
64,-160,20961,21727,8533.207968,7082.101131113145,232177.09390189688,0.1700540807546923,2018-03-25 17:15:00,2018-04-02 16:45:00,7 days 23:30:00
65,209,21744,21932,7051.636799999999,7029.87737665058,-4547.7194800286115,-0.0030857266144818096,2018-04-02 21:00:00,2018-04-04 20:00:00,1 days 23:00:00
66,-203,21941,22182,7069.320016,6862.256186036993,42033.95748249029,0.029290487556703937,2018-04-04 22:15:00,2018-04-07 10:30:00,2 days 12:15:00
67,249,22196,22409,6855.469991999999,6815.026678569101,-10070.385044293687,-0.00589942242881869,2018-04-07 14:00:00,2018-04-09 19:15:00,2 days 05:15:00
68,-194,22424,22700,6725.51528,7051.465555898577,-63234.35352432399,-0.04846472906958854,2018-04-09 23:00:00,2018-04-12 20:00:00,2 days 21:00:00
69,110,22715,23061,7659.162431999999,8032.687023628008,41087.705079081,0.048768333997908586,2018-04-12 23:45:00,2018-04-16 14:15:00,3 days 14:30:00
70,-213,23068,23339,8083.557975999999,8248.451959596887,-35122.41850613707,-0.020398688805901566,2018-04-16 16:00:00,2018-04-19 11:45:00,2 days 19:45:00
71,259,23343,23946,8186.533991999999,9041.775021943833,221507.42675545308,0.10446924556589976,2018-04-19 12:45:00,2018-04-25 19:30:00,6 days 06:45:00
72,-99,23955,24293,9163.723151999999,9428.922970974065,-26254.78207843255,-0.028940182344573184,2018-04-25 21:45:00,2018-04-29 10:15:00,3 days 12:30:00
73,191,24304,24482,9491.827392,9022.464918971358,-89648.23234847044,-0.04944911592305545,2018-04-29 13:00:00,2018-05-01 09:30:00,1 days 20:30:00
74,-166,24493,24727,9002.792,9432.399257472129,-71314.80474037345,-0.04771933612063117,2018-05-01 12:15:00,2018-05-03 22:45:00,2 days 10:30:00
75,167,24752,25004,9677.735999999999,9541.541091360234,-22744.549742840813,-0.014073013423776537,2018-05-04 05:00:00,2018-05-06 20:00:00,2 days 15:00:00
76,-184,25005,25810,9570.317615999998,8855.299073024142,131563.41190755763,0.07471210169456266,2018-05-06 20:15:00,2018-05-15 05:30:00,8 days 09:15:00
77,178,25811,25915,8873.002728,8422.6145,-80169.10458399996,-0.050759392486011135,2018-05-15 05:45:00,2018-05-16 07:45:00,1 days 02:00:00
78,-175,25916,26368,8445.198432,8421.781812690479,4097.90837916612,0.0027727731323389238,2018-05-16 08:00:00,2018-05-21 01:00:00,4 days 17:00:00
79,309,26382,26535,8502.926903999998,8227.45406644262,-85121.10680522972,-0.032397413345725434,2018-05-21 04:30:00,2018-05-22 18:45:00,1 days 14:15:00
80,-303,26551,27213,8219.039504,7398.985453180843,248476.37739820458,0.09977492508948971,2018-05-22 22:45:00,2018-05-29 20:15:00,6 days 21:30:00
81,218,27227,27790,7435.954008,7518.136393175973,17915.759968362254,0.01105202978495523,2018-05-29 23:45:00,2018-06-04 20:30:00,5 days 20:45:00
82,-317,27805,27965,7493.990008,7684.416656057686,-60365.24743428652,-0.025410582060344522,2018-06-05 00:15:00,2018-06-06 16:15:00,1 days 16:00:00
83,378,27970,28319,7614.216503999999,7489.076297775826,-47302.99795273747,-0.016435073281464097,2018-06-06 17:30:00,2018-06-10 08:45:00,3 days 15:15:00
84,-278,28337,28776,7299.00612,6704.863325650714,165171.6968291016,0.08140050639514829,2018-06-10 13:15:00,2018-06-15 03:00:00,4 days 13:45:00
85,211,28789,29500,6644.3712479999995,6574.220704008509,-14801.76478220457,-0.010557890487020383,2018-06-15 06:15:00,2018-06-22 16:00:00,7 days 09:45:00
86,-260,29518,29731,6360.887215999999,6168.439627720396,50036.37295269684,0.03025483423059694,2018-06-22 20:30:00,2018-06-25 01:45:00,2 days 05:15:00
87,198,29745,30087,6153.578927999999,5950.3856285008615,-40232.273300829234,-0.03302034505067741,2018-06-25 05:15:00,2018-06-29 06:30:00,4 days 01:15:00
88,-264,30102,30187,5869.3008,6099.276951606109,-60713.70402401276,-0.03918288727102026,2018-06-29 10:15:00,2018-06-30 07:30:00,0 days 21:15:00
89,209,30208,30578,6391.238904,6458.57868394443,14074.014008385895,0.010536263931909096,2018-06-30 12:45:00,2018-07-04 09:15:00,3 days 20:30:00
90,256,30580,30767,6540.388128,6447.755846613502,-23713.864034943283,-0.01416311686303906,2018-07-04 17:15:00,2018-07-06 16:00:00,1 days 22:45:00
91,-375,30772,30928,6505.281607999999,6720.463471648546,-80693.19886820506,-0.033078024383129234,2018-07-06 17:15:00,2018-07-08 08:15:00,1 days 15:00:00
92,335,30941,31121,6732.321551999999,6625.502803766965,-35784.28065806641,-0.015866554710432856,2018-07-08 11:30:00,2018-07-10 08:30:00,1 days 21:00:00
93,-395,31140,31427,6642.741552,6319.808430886246,127558.5828399329,0.04861443405344068,2018-07-10 13:15:00,2018-07-13 13:00:00,2 days 23:45:00
94,-366,31428,31646,6252.004392,6366.890650659891,-42048.37066952033,-0.0183759081818462,2018-07-13 13:15:00,2018-07-15 19:45:00,2 days 06:30:00
95,344,31753,32745,6617.279591999999,8012.573037665502,479980.94530893303,0.21085605138286012,2018-07-16 22:30:00,2018-07-27 06:30:00,10 days 08:00:00
96,-212,32760,32816,7911.6656,8174.5657662532385,-55734.83524568651,-0.03322943354092689,2018-07-27 10:15:00,2018-07-28 00:15:00,0 days 14:00:00
97,218,32834,33113,8231.740128,8021.418911979087,-45850.02509255888,-0.02555003106882725,2018-07-28 04:45:00,2018-07-31 02:30:00,2 days 21:45:00
98,-213,33122,34087,8094.479232,6550.065846616777,328960.0510866264,0.1907983628245873,2018-07-31 04:45:00,2018-08-10 06:00:00,10 days 01:15:00
99,268,34097,34182,6541.999416,6209.7035,-89055.30548800001,-0.05079424421642287,2018-08-10 08:30:00,2018-08-11 05:45:00,0 days 21:15:00
100,-174,34195,34265,6143.211496,6424.352704398392,-48918.57026132027,-0.04576453351499454,2018-08-11 09:00:00,2018-08-12 02:30:00,0 days 17:30:00
101,252,34278,34456,6386.40504,6155.438844794922,-58203.4811916795,-0.03616529076349928,2018-08-12 05:45:00,2018-08-14 02:15:00,1 days 20:30:00
102,-233,34465,34609,6223.0176,6382.476512264141,-37153.926557544844,-0.02562404969964094,2018-08-14 04:30:00,2018-08-15 16:30:00,1 days 12:00:00
103,222,34617,35151,6348.014351999999,6242.50476714593,-23423.12783760344,-0.016620880011216088,2018-08-15 18:30:00,2018-08-21 08:00:00,5 days 13:30:00
104,-289,35160,35255,6290.953208,6564.654206414504,-79099.58854179175,-0.04350707903318174,2018-08-21 10:15:00,2018-08-22 10:00:00,0 days 23:45:00
105,208,35269,35315,6743.010095999999,6412.727235156033,-68698.8350555449,-0.04898151658409822,2018-08-22 13:30:00,2018-08-23 01:00:00,0 days 11:30:00
106,-334,35329,35518,6414.41436,6636.743687255537,-74257.99530334951,-0.034660892604938764,2018-08-23 04:30:00,2018-08-25 03:45:00,1 days 23:15:00
107,370,35527,36065,6620.322023999999,6872.613330193209,93347.78329148752,0.03810861545384081,2018-08-25 06:00:00,2018-08-30 20:30:00,5 days 14:30:00
108,-349,36077,36253,6871.568343999999,7103.417665669055,-80915.41326250049,-0.033740379206371074,2018-08-30 23:30:00,2018-09-01 19:30:00,1 days 20:00:00
109,417,36286,36634,7197.753599999999,7233.234530088326,14795.547846832407,0.004929444943534422,2018-09-02 03:45:00,2018-09-05 18:45:00,3 days 15:00:00
110,-246,36650,37017,6999.455952,6363.307335557621,156492.55964482538,0.09088543749755418,2018-09-05 22:45:00,2018-09-09 18:30:00,3 days 19:45:00
111,456,37033,37230,6398.614799999999,6201.59314900385,-89841.87285424405,-0.030791297359570535,2018-09-09 22:30:00,2018-09-11 23:45:00,2 days 01:15:00
112,-379,37238,37401,6240.403679999999,6468.0873364314675,-86292.10578752641,-0.03648540512870602,2018-09-12 01:45:00,2018-09-13 18:30:00,1 days 16:45:00
113,445,37416,37803,6465.178008,6373.537325592548,-40780.103671316145,-0.014174502588181759,2018-09-13 22:15:00,2018-09-17 23:00:00,4 days 00:45:00
114,-332,37818,38016,6281.430832,6421.3661846903,-46458.537093179475,-0.022277623750533992,2018-09-18 02:45:00,2018-09-20 04:15:00,2 days 01:30:00
115,231,38029,38466,6398.384616,6571.190413824633,39918.139297490095,0.02700772276060248,2018-09-20 07:30:00,2018-09-24 20:45:00,4 days 13:15:00
116,-383,38470,38786,6622.457792,6636.353929733044,-5322.2207517559555,-0.002098335417076047,2018-09-24 21:45:00,2018-09-28 04:45:00,3 days 07:00:00
117,355,38799,38905,6680.209895999999,6521.657057281436,-56286.257745089926,-0.023734709116475794,2018-09-28 08:00:00,2018-09-29 10:30:00,1 days 02:30:00
118,-360,38918,39563,6511.0070240000005,6648.304371998852,-49427.04527958649,-0.02108696051052683,2018-09-29 13:45:00,2018-10-06 07:00:00,6 days 17:15:00
119,-275,40069,40455,6339.914008,6422.6409777782255,-22749.916689012094,-0.013048594929495394,2018-10-11 13:30:00,2018-10-15 14:00:00,4 days 00:30:00
120,80,40469,40794,6904.529208,6616.616508154315,-23033.0159876548,-0.04169910665481613,2018-10-15 17:30:00,2018-10-19 02:45:00,3 days 09:15:00
121,-123,43358,44416,5808.259672,4174.607828084367,200939.1768016229,0.2812635688089177,2018-11-15 06:15:00,2018-11-26 06:45:00,11 days 00:30:00
122,-148,44421,44668,4065.6049120000002,4173.532479003779,-15973.279916559311,-0.026546496607484205,2018-11-26 08:00:00,2018-11-28 21:45:00,2 days 13:45:00
123,240,44682,44853,4224.236687999999,4009.1899999999996,-51611.20511999987,-0.05090782166891672,2018-11-29 01:15:00,2018-11-30 20:00:00,1 days 18:45:00
124,-209,44864,44953,4064.036168,4211.362024590464,-30791.104027406956,-0.03625111846949092,2018-11-30 22:45:00,2018-12-01 21:00:00,0 days 22:15:00
125,326,44961,45108,4182.323183999999,3995.986735543633,-60745.682196775255,-0.04455333561242214,2018-12-01 23:00:00,2018-12-03 11:45:00,1 days 12:45:00
126,-335,45117,45253,4036.758008,4084.464158245828,-15981.560332352452,-0.0118179366093496,2018-12-03 14:00:00,2018-12-05 00:00:00,1 days 10:00:00
127,-395,45284,45740,3944.771656,3596.9098304294985,137405.42110034806,0.088183006750569,2018-12-05 07:45:00,2018-12-10 01:45:00,4 days 18:00:00
128,323,45747,45830,3596.444856,3413.9105,-58958.596988000034,-0.050754109491064625,2018-12-10 03:30:00,2018-12-11 00:15:00,0 days 20:45:00
129,-372,45837,46489,3465.295544,3326.3648647103373,51682.21269575454,0.040092014526788344,2018-12-11 02:00:00,2018-12-17 21:00:00,6 days 19:00:00
130,444,46503,47210,3400.6283279999993,3885.84169451281,215434.734731688,0.14268344544379463,2018-12-18 00:30:00,2018-12-25 09:15:00,7 days 08:45:00
131,-275,47229,47559,3746.760192,3697.628514773557,13511.211237271857,0.013113109649063759,2018-12-25 14:00:00,2018-12-29 00:30:00,3 days 10:30:00
132,329,47577,47688,3824.937504,3679.958883969965,-47697.96598988152,-0.037903526496425366,2018-12-29 05:00:00,2018-12-30 08:45:00,1 days 03:45:00
133,-437,47702,47737,3710.319368,3889.734367931903,-78404.35497024158,-0.04835567565403798,2018-12-30 12:15:00,2018-12-30 21:00:00,0 days 08:45:00
134,409,47738,47864,3791.9711519999996,3637.860217227877,-63031.37232179815,-0.04064137847959104,2018-12-30 21:15:00,2019-01-01 04:45:00,1 days 07:30:00
135,-615,47877,47974,3682.591568,3809.5588929799615,-78084.9048626764,-0.034477710230819136,2019-01-01 08:00:00,2019-01-02 08:15:00,1 days 00:15:00
136,555,47986,48771,3774.2269679999995,3889.6376401911193,64052.923066071504,0.030578625283968375,2019-01-02 11:15:00,2019-01-10 15:30:00,8 days 04:15:00
137,-457,48788,49191,3741.5044,3589.9531158208692,69258.93686986266,0.04050544058671446,2019-01-10 19:45:00,2019-01-15 00:30:00,4 days 04:45:00
138,633,49206,49307,3629.2911119999994,3534.0684716268524,-60275.93135620204,-0.02623725610169436,2019-01-15 04:15:00,2019-01-16 05:30:00,1 days 01:15:00
139,-676,49319,49649,3557.771504,3655.1483635420363,-65826.7570504167,-0.027370183676089344,2019-01-16 08:30:00,2019-01-19 19:00:00,3 days 10:30:00
140,-653,49765,49973,3526.566488,3602.2575555149424,-49426.26708725742,-0.021463105196655174,2019-01-21 00:00:00,2019-01-23 04:00:00,2 days 04:00:00
141,676,49976,50435,3582.323568,3515.1130705976007,-45434.29624402182,-0.018761704833916704,2019-01-23 04:45:00,2019-01-27 23:30:00,4 days 18:45:00
142,-823,50436,50764,3546.96016,3478.048514705765,56714.284077155666,0.019428367443020678,2019-01-27 23:45:00,2019-01-31 09:45:00,3 days 10:00:00
143,459,51610,51913,3667.932,3592.6366564093814,-34560.56270809383,-0.02052800967701096,2019-02-09 05:15:00,2019-02-12 09:00:00,3 days 03:45:00
144,813,52002,53121,3630.8423519999997,4039.2235034414834,332013.8761219263,0.11247559432497334,2019-02-13 07:15:00,2019-02-24 23:00:00,11 days 15:45:00
145,-294,53136,53983,3784.400056,3799.866688794969,-4547.190041720878,-0.004086944447230678,2019-02-25 02:45:00,2019-03-05 22:30:00,8 days 19:45:00
146,559,53998,54305,3842.4014639999996,3824.3210655782223,-10106.94271777352,-0.004705494361059159,2019-03-06 02:15:00,2019-03-09 07:00:00,3 days 04:45:00
147,-642,54315,54926,3872.119824,3928.2246984485787,-36019.329395987595,-0.014489446865985967,2019-03-09 09:30:00,2019-03-16 00:15:00,6 days 14:45:00
148,620,54987,55499,4019.743224,3981.9770822125124,-23415.007908242194,-0.0093951627462181,2019-03-16 15:30:00,2019-03-21 23:30:00,5 days 08:00:00
149,-556,55512,56023,3961.8180079999997,3993.221819219483,-17460.51903803282,-0.007926616304956502,2019-03-22 02:45:00,2019-03-27 10:30:00,5 days 07:45:00
150,763,56260,56781,4090.2495839999997,4800.050983944049,541578.4681573098,0.1735349849360317,2019-03-29 21:45:00,2019-04-04 08:00:00,5 days 10:15:00
151,128,56782,57471,4911.77628,5108.352288777791,25161.72912355722,0.040021368558299075,2019-04-04 08:15:00,2019-04-11 12:30:00,7 days 04:15:00
152,-344,57483,57835,5179.243288000001,5151.746131247176,9459.02192297166,0.005309106991852275,2019-04-11 15:30:00,2019-04-15 07:30:00,3 days 16:00:00
153,674,57852,57911,5148.31536,5018.842428510819,-87264.75582370743,-0.025148601520241787,2019-04-15 11:45:00,2019-04-16 02:30:00,0 days 14:45:00
154,-387,57926,58007,5019.611096,5163.710128614335,-55766.32562174786,-0.028707210550467543,2019-04-16 06:15:00,2019-04-17 02:30:00,0 days 20:15:00
155,496,58019,58457,5159.124,5184.614987014568,12643.529559225935,0.004940952575392288,2019-04-17 05:30:00,2019-04-21 19:00:00,4 days 13:30:00
156,-510,58471,58588,5217.412728,5368.277692413951,-76941.13185111474,-0.02891566611249896,2019-04-21 22:30:00,2019-04-23 03:45:00,1 days 05:15:00
157,413,58597,58750,5344.211951999999,5359.700110457734,6396.609443044618,0.0028981183001057786,2019-04-23 06:00:00,2019-04-24 20:15:00,1 days 14:15:00
158,-346,58755,59386,5407.500536,5362.723551463389,15492.83664966711,0.008280532611788183,2019-04-24 21:30:00,2019-05-01 11:15:00,6 days 13:45:00
159,668,59393,59721,5353.199135999999,5603.659431652166,167307.47749564733,0.046787031322603534,2019-05-01 13:00:00,2019-05-04 23:00:00,3 days 10:00:00
160,-376,59732,59964,5667.482384,5904.863600928651,-89255.33756517284,-0.04188477366931176,2019-05-05 01:45:00,2019-05-07 11:45:00,2 days 10:00:00
161,353,59976,60884,5973.0246,7617.941748107304,580655.7532818784,0.2753909883624628,2019-05-07 14:45:00,2019-05-17 11:45:00,9 days 21:00:00
162,-93,60902,61073,7332.82904,7705.666499999999,-34673.883779999975,-0.050844968287982795,2019-05-17 16:15:00,2019-05-19 11:00:00,1 days 18:45:00
163,134,61089,61213,7903.077407999999,7634.877175252966,-35938.83118810251,-0.03393617687149875,2019-05-19 15:00:00,2019-05-20 22:00:00,1 days 07:00:00
164,-141,61222,61605,7759.697271999999,8029.330259504439,-38018.25123812595,-0.03474787456946027,2019-05-21 00:15:00,2019-05-25 00:00:00,3 days 23:45:00
165,214,61614,62202,8005.068936,8495.435163655733,104938.37271832695,0.061256965002572716,2019-05-25 02:15:00,2019-05-31 05:15:00,6 days 03:00:00
166,-117,62217,62439,8260.48632,8683.017000000002,-49436.0895600002,-0.051150823768932874,2019-05-31 09:00:00,2019-06-02 16:30:00,2 days 07:30:00
167,304,62451,62533,8687.04408,8414.356258505939,-82897.09773419445,-0.031390173571452684,2019-06-02 19:30:00,2019-06-03 16:00:00,0 days 20:30:00
168,-188,62544,62963,8483.987376000001,8097.263615055752,72704.06705751883,0.0455827836375895,2019-06-03 18:45:00,2019-06-08 03:30:00,4 days 08:45:00
169,255,62966,63133,8012.805119999999,7679.052756650019,-85106.85265424501,-0.041652374961289484,2019-06-08 04:15:00,2019-06-09 23:00:00,1 days 18:45:00
170,-263,63139,63221,7721.158128,8017.172870573211,-77851.87729675454,-0.03833812721691876,2019-06-10 00:30:00,2019-06-10 21:00:00,0 days 20:30:00
171,217,63233,64791,7923.333599999999,12097.137364947657,905715.4169936419,0.5267737010275144,2019-06-11 00:00:00,2019-06-27 05:30:00,16 days 05:30:00
172,32,64793,64793,12892.50576,12229.1315,-21227.976320000016,-0.051454253529067295,2019-06-27 06:00:00,2019-06-27 06:00:00,0 days 00:00:00
173,28,64795,64841,12420.298295999999,11781.2255,-17894.03828799996,-0.05145390076547629,2019-06-27 06:30:00,2019-06-27 18:00:00,0 days 11:30:00
174,-38,64850,65381,12050.981495999999,11057.394832517111,37756.293212349716,0.08244860917035524,2019-06-27 20:15:00,2019-07-03 09:00:00,5 days 12:45:00
175,75,65393,65600,11144.658599999999,10911.661127198107,-17474.81046014186,-0.020906649648459563,2019-07-03 12:00:00,2019-07-05 15:45:00,2 days 03:45:00
176,-117,65610,65684,10918.638095999999,11474.211,-65002.029768000066,-0.05088298550746284,2019-07-05 18:15:00,2019-07-06 12:45:00,0 days 18:30:00
177,112,65691,66113,11419.818551999999,12248.424146776506,92803.8266149688,0.0725585604537815,2019-07-06 14:30:00,2019-07-11 00:00:00,4 days 09:30:00
178,-83,66127,66625,12275.102056,11030.250099656323,103322.71237652516,0.10141275817215711,2019-07-11 03:30:00,2019-07-16 08:00:00,5 days 04:30:00
179,92,66629,66693,10842.447024,10296.784,-50200.99820799995,-0.05032655661514063,2019-07-16 09:00:00,2019-07-17 01:00:00,0 days 16:00:00
180,-81,66709,66879,9686.974215999999,10161.011322626226,-38397.00563672438,-0.048935518569179104,2019-07-17 05:00:00,2019-07-18 23:30:00,1 days 18:30:00
181,78,66896,67168,10542.156984,10353.884865137561,-14685.225271270181,-0.01785897507959533,2019-07-19 03:45:00,2019-07-21 23:45:00,2 days 20:00:00
182,-139,67180,67685,10383.83628,10115.431753103821,37308.22923856876,0.025848301115180772,2019-07-22 02:45:00,2019-07-27 09:00:00,5 days 06:15:00
183,230,67699,67726,10121.891039999999,9735.530226214347,-88862.98717069991,-0.0381708133646983,2019-07-27 12:30:00,2019-07-27 19:15:00,0 days 06:45:00
184,-169,67742,67884,9448.874848,9708.106212483237,-43810.10059766714,-0.027435156952905215,2019-07-27 23:15:00,2019-07-29 10:45:00,1 days 11:30:00
185,230,67898,68730,9631.469016,11555.085954967131,442431.8959624404,0.19972207103314976,2019-07-29 14:15:00,2019-08-07 06:15:00,8 days 16:00:00
186,-126,68741,68794,11472.504648,12055.774500000001,-73492.00135200017,-0.050840672538030596,2019-08-07 09:00:00,2019-08-07 22:15:00,0 days 13:15:00
187,110,68802,69074,11697.420455999998,11463.578041294471,-25722.665617607927,-0.01999093865054502,2019-08-08 00:15:00,2019-08-10 20:15:00,2 days 20:00:00
188,-160,69089,69889,11420.246487999999,10518.598845430284,144263.62281115435,0.07895167967846706,2019-08-11 00:00:00,2019-08-19 16:00:00,8 days 16:00:00
189,214,69902,70067,10684.290599999998,10403.902120460876,-60003.13462137217,-0.026243060024885745,2019-08-19 19:15:00,2019-08-21 12:30:00,1 days 17:15:00
190,-151,70083,70534,10171.066631999998,10425.57754378316,-38431.14767925741,-0.025023030621235343,2019-08-21 16:30:00,2019-08-26 09:15:00,4 days 16:45:00
191,146,70545,70797,10386.972935999998,9933.004033265846,-66279.45979918618,-0.0437056017697659,2019-08-26 12:00:00,2019-08-29 03:00:00,2 days 15:00:00
192,-176,70813,71195,9718.898656,9756.828451190633,-6675.643953551538,-0.003902684505020293,2019-08-29 07:00:00,2019-09-02 06:30:00,3 days 23:30:00
193,283,71207,71660,9732.699935999999,10395.950829784315,187700.0029409614,0.06814664976272788,2019-09-02 09:30:00,2019-09-07 02:45:00,4 days 17:15:00
194,-137,71675,72220,10360.714792,10347.200004586624,1851.5258756325566,0.0013044261602309648,2019-09-07 06:30:00,2019-09-12 22:45:00,5 days 16:15:00
195,250,72231,72597,10273.282055999998,10143.90107697837,-32345.24475540684,-0.012593928436537394,2019-09-13 01:30:00,2019-09-16 21:00:00,3 days 19:30:00
196,-398,72612,72917,10141.600224,10101.7620322272,15855.60032557448,0.00392819583624715,2019-09-17 00:45:00,2019-09-20 05:00:00,3 days 04:15:00
197,243,72928,73079,10240.88616,9950.543144931753,-70553.35266158404,-0.028351356565440744,2019-09-20 07:45:00,2019-09-21 21:30:00,1 days 13:45:00
198,-252,73085,73957,10005.918856,8313.903541314527,426387.85930073936,0.16910144275963868,2019-09-21 23:00:00,2019-10-01 01:00:00,9 days 02:00:00
199,186,73962,74238,8241.618024,8077.314816184733,-30560.396653639556,-0.019935795051021166,2019-10-01 02:15:00,2019-10-03 23:15:00,2 days 21:00:00
200,-286,74248,74618,8178.831696,8187.922250440659,-2599.89857002839,-0.0011114734693837836,2019-10-04 01:45:00,2019-10-07 22:15:00,3 days 20:30:00
201,246,74628,74981,8162.184527999999,8345.210808614996,45024.465031289415,0.0224236881667077,2019-10-08 00:45:00,2019-10-11 17:00:00,3 days 16:15:00
202,-227,74990,75882,8343.160128,8108.936499538044,53168.76366086395,0.028073730441285805,2019-10-11 19:15:00,2019-10-21 02:15:00,9 days 07:00:00
203,273,75898,76097,8210.953511999998,8054.8939022555105,-42604.273460245146,-0.01900627125904597,2019-10-21 06:15:00,2019-10-23 08:00:00,2 days 01:45:00
204,-407,76106,76336,8039.5632,7590.057963525264,182948.63124521726,0.055911649089932514,2019-10-23 10:15:00,2019-10-25 19:45:00,2 days 09:30:00
205,108,76372,76909,8576.936064,8919.027014651016,36945.82267030974,0.03988498318028455,2019-10-26 04:45:00,2019-10-31 19:00:00,5 days 14:15:00
206,-203,76914,77334,9098.7152,9354.615795155169,-51947.820816499116,-0.02812491538972095,2019-10-31 20:15:00,2019-11-05 05:15:00,4 days 09:00:00
207,265,77344,77591,9377.706167999999,9125.685170910869,-66785.56422861948,-0.026874482157386637,2019-11-05 07:45:00,2019-11-07 21:30:00,2 days 13:45:00
208,-352,77594,77894,9182.318264,8983.80281687091,69877.43738943961,0.02161931675875195,2019-11-07 22:15:00,2019-11-11 01:15:00,3 days 03:00:00
209,320,77909,77950,9055.528632,8813.329024112478,-77503.87452400697,-0.02674604848927853,2019-11-11 05:00:00,2019-11-11 15:15:00,0 days 10:15:00
210,-230,77969,78528,8707.458456,8584.243814070713,28339.36764373615,0.014150471409299037,2019-11-11 20:00:00,2019-11-17 18:00:00,5 days 22:00:00
211,-348,78530,79316,8500.014544,7346.5681003355585,401399.36239522556,0.1356993494180122,2019-11-17 18:30:00,2019-11-26 01:00:00,8 days 06:30:00
212,118,79318,79482,7209.372887999999,6843.42,-43182.44078399987,-0.05076071021504902,2019-11-26 01:30:00,2019-11-27 18:30:00,1 days 17:00:00
213,153,79523,79792,7539.907104,7535.260047495192,-710.9996452355554,-0.0006163280847774066,2019-11-28 04:45:00,2019-12-01 00:00:00,2 days 19:15:00
214,-229,79799,80169,7574.795311999999,7394.605315032475,41263.509305563035,0.02378810113615437,2019-12-01 01:45:00,2019-12-04 22:15:00,3 days 20:30:00
215,184,80181,80201,7468.740216,7119.278361147106,-64300.98129293254,-0.04678993307388779,2019-12-05 01:15:00,2019-12-05 06:15:00,0 days 05:00:00
216,-212,80215,80379,7207.119688,7573.482,-77668.81014400005,-0.05083338807457305,2019-12-05 09:45:00,2019-12-07 02:45:00,1 days 17:00:00
217,289,80388,80675,7439.036472,7361.80176694189,-22320.829761793844,-0.010382353326108262,2019-12-07 05:00:00,2019-12-10 04:45:00,2 days 23:45:00
218,-321,80688,81521,7327.153584000001,6840.590126662481,156186.86980534365,0.06640552183865878,2019-12-10 08:00:00,2019-12-19 00:15:00,8 days 16:15:00
219,183,81535,82024,6839.086895999999,7294.961641460444,83425.07841926151,0.06665725299192715,2019-12-19 03:45:00,2019-12-24 06:00:00,5 days 02:15:00
220,-238,82034,82296,7333.568447999999,7353.417101726293,-4723.97958685804,-0.0027065478241643515,2019-12-24 08:30:00,2019-12-27 02:00:00,2 days 17:30:00
221,273,82308,82677,7301.936879999999,7250.613383153405,-14011.31463912017,-0.007028751095776942,2019-12-27 05:00:00,2019-12-31 01:15:00,3 days 20:15:00
222,-449,82685,83014,7257.669215999999,7131.511557264438,56644.78877226698,0.0173826685924785,2019-12-31 03:15:00,2020-01-03 13:30:00,3 days 10:15:00
223,296,83030,83557,7222.573439999999,7905.642991811354,202188.58733616088,0.09457426185912965,2020-01-03 17:30:00,2020-01-09 05:15:00,5 days 11:45:00
224,-158,83561,83728,7986.65556,8032.728281939537,-7279.490066446795,-0.005768712772626028,2020-01-09 06:15:00,2020-01-11 00:00:00,1 days 17:45:00
225,177,83736,84576,7958.591783999999,8792.656505080435,147629.45563123707,0.10480054056262111,2020-01-11 02:00:00,2020-01-19 20:00:00,8 days 18:00:00
226,-186,84590,85272,8641.591192,8533.410188080241,20121.666729075165,0.012518644022400438,2020-01-19 23:30:00,2020-01-27 02:00:00,7 days 02:30:00
227,347,85283,85892,8570.861208,9146.584592709434,199776.01449417358,0.06717217450354429,2020-01-27 04:45:00,2020-02-02 13:00:00,6 days 08:15:00
228,-266,85896,86212,9315.431687999999,9469.490239074077,-40979.57458570486,-0.016537993754227598,2020-02-02 14:00:00,2020-02-05 21:00:00,3 days 07:00:00
229,289,86221,86663,9437.373864,9912.208304393991,137227.15327386363,0.05031425555845637,2020-02-05 23:15:00,2020-02-10 14:45:00,4 days 15:30:00
230,-210,86673,86798,9952.022008,10080.180573605607,-26913.298777177424,-0.012877640895748277,2020-02-10 17:15:00,2020-02-12 00:30:00,1 days 07:15:00
231,204,86812,86960,10214.425008,10137.54692018914,-15683.129913415636,-0.007526423440443297,2020-02-12 04:00:00,2020-02-13 17:00:00,1 days 13:00:00
232,193,86963,87183,10268.017847999998,10026.730406958382,-46568.47612103174,-0.023498930817364427,2020-02-13 17:45:00,2020-02-16 00:45:00,2 days 07:00:00
233,-182,87198,87480,9917.549608,10042.579418378426,-22755.425488873567,-0.012606925633885435,2020-02-16 04:30:00,2020-02-19 03:00:00,2 days 22:30:00
234,177,87497,87568,10097.961911999999,9764.660570671822,-58994.33741508731,-0.033006793274997004,2020-02-19 07:15:00,2020-02-20 06:45:00,0 days 23:30:00
235,-140,87583,87881,9595.537423999998,9854.483229667967,-36252.412793515614,-0.026986065941476456,2020-02-20 10:30:00,2020-02-23 13:00:00,3 days 02:30:00
236,344,87896,87971,9892.287503999998,9660.459535878543,-79748.82103378064,-0.023435223453393772,2020-02-23 16:45:00,2020-02-24 11:30:00,0 days 18:45:00
237,-282,87986,88702,9738.223184,8892.021548455965,238628.86122341803,0.08689486978839767,2020-02-24 15:15:00,2020-03-03 02:15:00,7 days 11:00:00
238,254,88705,89173,8875.354608,8928.270741867584,13440.698002366335,0.005962143058474201,2020-03-03 03:00:00,2020-03-08 02:00:00,4 days 23:00:00
239,-296,89189,89960,8870.917584,5678.78426075272,944871.463681195,0.3598425183213021,2020-03-08 06:00:00,2020-03-16 06:45:00,8 days 00:45:00
240,-83,89963,90296,5388.295912,5582.718750824909,-16137.095622467477,-0.036082435337658536,2020-03-16 07:30:00,2020-03-19 18:45:00,3 days 11:15:00
241,141,90316,90435,5773.084776,5840.461990775873,9500.187283398185,0.011670920727853362,2020-03-19 23:45:00,2020-03-21 05:30:00,1 days 05:45:00
242,76,90440,90625,6167.019671999999,5854.907,-23720.563071999946,-0.05060996860721534,2020-03-21 06:45:00,2020-03-23 05:00:00,1 days 22:15:00
243,-131,90630,90691,6018.421407999999,6324.402,-40083.4575520001,-0.050840672538030596,2020-03-23 06:15:00,2020-03-23 21:30:00,0 days 15:15:00
244,110,90703,91119,6210.454392,6433.0860604987,24489.483534857056,0.035847887198959816,2020-03-24 00:30:00,2020-03-28 08:30:00,4 days 08:00:00
245,-191,91140,91341,6181.70068,6291.903718806934,-21048.780412124448,-0.01782730101499097,2020-03-28 13:45:00,2020-03-30 16:00:00,2 days 02:15:00
246,224,91350,92389,6260.834663999999,7051.174079535134,177036.0290798703,0.12623547145871972,2020-03-30 18:15:00,2020-04-10 14:00:00,10 days 19:45:00
247,-220,92403,92624,6918.7505679999995,7027.105466801898,-23838.077736417636,-0.015661050031641865,2020-04-10 17:30:00,2020-04-13 00:45:00,2 days 07:15:00
248,257,92636,92658,7088.666399999999,6746.235407976219,-88004.76495011151,-0.048306828492278964,2020-04-13 03:45:00,2020-04-13 09:15:00,0 days 05:30:00
249,-196,92671,92973,6689.574056,6891.679155352199,-39612.59947303091,-0.03021195335612248,2020-04-13 12:30:00,2020-04-16 16:00:00,3 days 03:30:00
250,183,92988,93376,6971.462712,7013.713508292702,7731.895721564472,0.006060535362252706,2020-04-16 19:45:00,2020-04-20 20:45:00,4 days 01:00:00
251,-293,93385,93575,7017.191752000001,7072.47127716664,-16196.900873825332,-0.007877727603907037,2020-04-20 23:00:00,2020-04-22 22:30:00,1 days 23:30:00
252,344,93590,94668,7110.874151999999,8677.569755620347,538943.2876453995,0.2203239109750943,2020-04-23 02:15:00,2020-05-04 10:15:00,11 days 08:00:00
253,-180,94691,94778,8613.903359999998,9051.84,-78828.5952000003,-0.050840672538030596,2020-05-04 16:00:00,2020-05-05 13:45:00,0 days 21:45:00
254,198,94792,95174,9006.89976,9578.18571812739,113114.61970922316,0.06342759144100762,2020-05-05 17:15:00,2020-05-09 16:45:00,3 days 23:30:00
255,-182,95181,95384,9690.761184,9135.818938772192,100999.48863146116,0.057265083174689146,2020-05-09 18:30:00,2020-05-11 21:15:00,2 days 02:45:00
256,-99,95387,95607,8849.26492,9251.568596502044,-39828.06397370238,-0.04546181859611953,2020-05-11 22:00:00,2020-05-14 05:00:00,2 days 07:00:00
257,178,95620,96262,9318.128544,9440.386107729715,21761.846343889432,0.013120398924786114,2020-05-14 08:15:00,2020-05-21 00:45:00,6 days 16:30:00
258,-191,96273,96913,9521.8764,9113.224310135538,78052.54916411209,0.04291718067926831,2020-05-21 03:30:00,2020-05-27 19:30:00,6 days 16:00:00
259,266,96927,97506,9155.338416,9839.817934521678,182071.55192676611,0.07476288558874788,2020-05-27 23:00:00,2020-06-02 23:45:00,6 days 00:45:00
260,-146,97520,97702,9524.184551999999,9824.556057655602,-43854.23982571803,-0.031537766200942396,2020-06-03 03:15:00,2020-06-05 00:45:00,1 days 21:30:00
261,242,97709,97982,9793.0782,9438.081909598906,-85909.10227706464,-0.03624971466081972,2020-06-05 02:30:00,2020-06-07 22:45:00,2 days 20:15:00
262,-242,97990,98119,9474.71416,9864.797549260582,-94400.18020106094,-0.04117099288413595,2020-06-08 00:45:00,2020-06-09 09:00:00,1 days 08:15:00
263,-227,98121,98289,9651.862328,9894.237201086096,-55019.096190544034,-0.025111720914519076,2020-06-09 09:30:00,2020-06-11 03:30:00,1 days 18:00:00
264,252,98302,98371,9847.781927999999,9557.497622100584,-73151.64508665256,-0.029477125714375885,2020-06-11 06:45:00,2020-06-12 00:00:00,0 days 17:15:00
265,-154,98388,98803,9302.561992,9497.692468551511,-30050.09338893263,-0.020975993142461125,2020-06-12 04:15:00,2020-06-16 12:00:00,4 days 07:45:00
266,286,98815,98966,9547.852175999999,9299.267091291611,-71095.33422659883,-0.02603570731156113,2020-06-16 15:00:00,2020-06-18 04:45:00,1 days 13:45:00
267,-289,98971,99414,9371.936448,9470.29216569465,-28424.802413753496,-0.010494706002369236,2020-06-18 06:00:00,2020-06-22 20:45:00,4 days 14:45:00
268,488,99424,99593,9475.42428,9481.114609572824,2776.8808315382776,0.0006005355965785775,2020-06-22 23:15:00,2020-06-24 17:30:00,1 days 18:15:00
269,-249,99612,100722,9414.4624,9173.952064691228,59887.07349188435,0.02554690061843279,2020-06-24 22:15:00,2020-07-06 15:15:00,11 days 17:00:00
270,455,100734,101045,9196.531343999999,9252.65140848769,25534.629341899727,0.006102307749356495,2020-07-06 18:15:00,2020-07-10 00:00:00,3 days 05:45:00
271,-327,101059,101885,9209.256695999999,9208.174701691481,353.81213888509046,0.00011748986310555765,2020-07-10 03:30:00,2020-07-18 18:00:00,8 days 14:30:00
272,917,101898,103307,9170.870832,11359.441110903306,2006918.9457543313,0.23864367070428116,2020-07-18 21:15:00,2020-08-02 13:30:00,14 days 16:15:00
273,-78,103321,103628,11316.88924,11544.775073890065,-17775.095043425034,-0.020136791043654734,2020-08-02 17:00:00,2020-08-05 21:45:00,3 days 04:45:00
274,176,103644,103839,11659.340016,11425.774071922644,-41107.606157614675,-0.02003251845789178,2020-08-06 01:45:00,2020-08-08 02:30:00,2 days 00:45:00
275,-164,103848,104065,11481.117752,11959.54069883867,-78461.36328154177,-0.04167041547460215,2020-08-08 04:45:00,2020-08-10 11:00:00,2 days 06:15:00
276,201,104077,104098,11984.870232,11567.425487241877,-83906.3936963826,-0.034830977447176004,2020-08-10 14:00:00,2020-08-10 19:15:00,0 days 05:15:00
277,162,104107,104213,11809.439999999999,11484.057630322037,-52711.94388782982,-0.02755273490342991,2020-08-10 21:30:00,2020-08-12 00:00:00,1 days 02:30:00
278,-128,104224,104441,11510.784,11820.45978251632,-39638.50016208901,-0.026903100824089865,2020-08-12 02:45:00,2020-08-14 09:00:00,2 days 06:15:00
279,191,104445,104883,11762.972855999999,11841.608117553538,15019.334956726092,0.006684981978295479,2020-08-14 10:00:00,2020-08-18 23:30:00,4 days 13:30:00
280,-145,104894,105433,12020.02628,11786.241346571562,33898.81534712356,0.01944961915910537,2020-08-19 02:15:00,2020-08-24 17:00:00,5 days 14:45:00
281,423,105443,105530,11786.411591999999,11536.434935941472,-105740.1255127568,-0.021208885682237444,2020-08-24 19:30:00,2020-08-25 17:15:00,0 days 21:45:00
282,-324,105535,105983,11578.799544,11621.376396029309,-13794.900057496285,-0.0036771387109273412,2020-08-25 18:30:00,2020-08-30 10:30:00,4 days 16:00:00
283,392,105996,106306,11593.677527999998,11650.094276908068,22115.36557196347,0.0048661650948818025,2020-08-30 13:45:00,2020-09-02 19:15:00,3 days 05:30:00
284,-144,106322,107335,11353.6598,10484.326237966592,125184.03293281066,0.07656857589069277,2020-09-02 23:15:00,2020-09-13 12:30:00,10 days 13:15:00
285,440,107348,107367,10535.811912,10331.690324549269,-89813.49847832149,-0.0193740728437114,2020-09-13 15:45:00,2020-09-13 20:30:00,0 days 04:45:00
286,-315,107382,107469,10306.897879999999,10566.358874984719,-81730.21342018679,-0.02517352922339433,2020-09-14 00:15:00,2020-09-14 22:00:00,0 days 21:45:00
287,228,107486,108042,10705.627655999999,10834.27166123563,29330.833193724095,0.012016484167888475,2020-09-15 02:15:00,2020-09-20 21:15:00,5 days 19:00:00
288,-352,108056,108441,10853.280423999999,10577.370885351722,97120.15760419343,0.0254217644683864,2020-09-21 00:45:00,2020-09-25 01:00:00,4 days 00:15:00
289,234,108453,108854,10621.110096,10646.713039702374,5991.088826355404,0.002410571349977353,2020-09-25 04:00:00,2020-09-29 08:15:00,4 days 04:15:00
290,-324,108870,109433,10683.276536,10701.983747255075,-6061.136446644588,-0.0017510743255626515,2020-09-29 12:15:00,2020-10-05 09:00:00,5 days 20:45:00
291,502,109442,109605,10707.989544,10572.368620509014,-68081.7035924748,-0.012665395584643413,2020-10-05 11:15:00,2020-10-07 04:00:00,1 days 16:45:00
292,-333,109618,109779,10585.814568,10768.76638389004,-60922.95469138364,-0.017282733861887944,2020-10-07 07:15:00,2020-10-08 23:30:00,1 days 16:15:00
293,275,109792,110147,10898.091503999998,11173.379545105196,75704.21130392929,0.025260206431938714,2020-10-09 02:45:00,2020-10-12 19:30:00,3 days 16:45:00
294,-328,110158,110190,11294.287336,11641.809808723068,-113987.37105316659,-0.03076975663753112,2020-10-12 22:15:00,2020-10-13 06:15:00,0 days 08:00:00
295,329,110191,110255,11658.559392,11338.396425255738,-105333.61605886194,-0.02746162334292812,2020-10-13 06:30:00,2020-10-13 22:30:00,0 days 16:00:00
296,-255,110267,110473,11378.010304000001,11555.618602901135,-45290.116219789124,-0.015609785380374941,2020-10-14 01:30:00,2020-10-16 05:00:00,2 days 03:30:00
297,228,110479,110506,11509.199999999999,11217.87899908023,-66421.18820970716,-0.025312011340472673,2020-10-16 06:30:00,2020-10-16 13:15:00,0 days 06:45:00
298,-261,110519,110774,11320.926008,11486.91920317904,-43324.22394172955,-0.014662510386671546,2020-10-16 16:30:00,2020-10-19 08:15:00,2 days 15:45:00
299,499,110782,111515,11481.667991999999,12881.140297038304,698336.6802141144,0.12188754334417307,2020-10-19 10:15:00,2020-10-27 01:30:00,7 days 15:15:00
300,-145,111525,111590,12952.869407999999,13443.64000547076,-71161.73663326028,-0.03788894815596988,2020-10-27 04:00:00,2020-10-27 20:15:00,0 days 16:15:00
301,174,111602,111691,13418.416152,13156.593449261627,-45557.15027647686,-0.01951219128789272,2020-10-27 23:15:00,2020-10-28 21:30:00,0 days 22:15:00
302,-96,111703,111807,13178.268944,13623.820813737406,-42772.97949479101,-0.03380958998717842,2020-10-29 00:30:00,2020-10-30 02:30:00,1 days 02:00:00
303,133,111812,112156,13570.998119999998,13438.586686413737,-17610.720666972768,-0.009756941413993858,2020-10-30 03:45:00,2020-11-02 17:45:00,3 days 14:00:00
304,-137,112176,112310,13411.392295999998,14045.865865899037,-86922.87907616833,-0.04730855349658758,2020-11-02 22:45:00,2020-11-04 08:15:00,1 days 09:30:00
305,137,112317,112676,13809.428711999999,14903.38933954477,149872.60597363368,0.07921838407364024,2020-11-04 10:00:00,2020-11-08 03:45:00,3 days 17:45:00
306,-68,112686,112840,14902.868159999998,15660.015,-51485.985120000085,-0.050805444419901535,2020-11-08 06:15:00,2020-11-09 20:45:00,1 days 14:30:00
307,77,112852,113342,15355.564632,15704.385770160765,26859.227638378925,0.022716269086832774,2020-11-09 23:45:00,2020-11-15 02:15:00,5 days 02:30:00
308,-139,113350,113508,15904.336344,16361.849751725775,-63594.36367388277,-0.028766582762717707,2020-11-15 04:15:00,2020-11-16 19:45:00,1 days 15:30:00
309,168,113513,114087,16248.658535999999,17918.452254634147,280525.3447305368,0.10276501995131526,2020-11-16 21:00:00,2020-11-22 20:30:00,5 days 23:30:00
310,-73,114093,114272,18092.764199999998,19012.6125,-67148.9259000001,-0.050840672538030596,2020-11-22 22:00:00,2020-11-24 18:45:00,1 days 20:45:00
311,73,114290,114437,19159.885656,18350.797489699136,-59063.43613996294,-0.04222823563915645,2020-11-24 23:15:00,2020-11-26 12:00:00,1 days 12:45:00
312,-49,114450,114681,17941.475328,17675.16694618391,13049.110708988515,0.014843170750873713,2020-11-26 15:15:00,2020-11-29 01:00:00,2 days 09:45:00
313,112,114692,114950,17695.204848,18669.753957712437,109149.50028779282,0.05507419202454633,2020-11-29 03:45:00,2020-12-01 21:15:00,2 days 17:30:00
314,38,114958,115236,18953.941032,18751.53536253651,-7691.415439612589,-0.010678817092538595,2020-12-01 23:15:00,2020-12-04 20:45:00,2 days 21:30:00
315,-87,115243,116033,18963.327191999997,18757.85252107124,17876.296370801894,0.01083537023057013,2020-12-04 22:30:00,2020-12-13 04:00:00,8 days 05:30:00
316,144,116044,116862,18775.108079999998,22869.720430353107,589624.1784508477,0.21808728519197484,2020-12-13 06:45:00,2020-12-21 19:15:00,8 days 12:30:00
317,-38,116876,116997,22706.77004,23867.256,-44098.46648000007,-0.051107487236436544,2020-12-21 22:45:00,2020-12-23 09:00:00,1 days 10:15:00
318,72,117005,117462,23728.557672,25803.672526809354,149408.26954627357,0.08745221195041353,2020-12-23 11:00:00,2020-12-28 06:15:00,4 days 19:15:00
319,34,117464,118183,26311.562423999996,30871.921355454077,155052.20366943872,0.17332147965847766,2020-12-28 06:45:00,2021-01-04 18:30:00,7 days 11:45:00
320,-15,118194,118241,30875.28,32445.0,-23545.800000000017,-0.050840672538030374,2021-01-04 21:15:00,2021-01-05 09:00:00,0 days 11:45:00
321,28,118253,118257,32332.485311999997,30691.308,-45952.96473599989,-0.050759392486011023,2021-01-05 12:00:00,2021-01-05 13:00:00,0 days 01:00:00
322,-21,118271,118306,31079.556448,32658.024,-33147.81859200004,-0.05078796908318095,2021-01-05 16:30:00,2021-01-06 01:15:00,0 days 08:45:00
323,29,118328,118790,33841.991952,38014.90742609193,121014.54874866606,0.1233058467719812,2021-01-06 06:45:00,2021-01-11 02:15:00,4 days 19:30:00
324,-15,118806,119134,37904.312272,38513.04314855307,-9130.963148296032,-0.01605967342672887,2021-01-11 06:15:00,2021-01-14 16:15:00,3 days 10:00:00
325,28,119143,119263,38094.921576,36174.81024108956,-53763.117377492366,-0.05040334132411295,2021-01-14 18:30:00,2021-01-16 00:30:00,1 days 06:00:00
326,-18,119274,119337,36008.460168,37837.5795,-32924.14797600004,-0.050796932817068985,2021-01-16 03:15:00,2021-01-16 19:00:00,0 days 15:45:00
327,25,119348,119385,37323.104616,35428.606499999994,-47362.45290000006,-0.050759392486011246,2021-01-16 21:45:00,2021-01-17 07:00:00,0 days 09:15:00
328,-30,119391,120176,36097.418944,33526.507013309616,77127.35792071144,0.07122148912305293,2021-01-17 08:30:00,2021-01-25 12:45:00,8 days 04:15:00
329,40,120184,120257,33337.658808,31758.356725437567,-63172.08330249734,-0.04737291516653985,2021-01-25 14:45:00,2021-01-26 09:00:00,0 days 18:15:00
330,-27,120258,120536,32540.296919999997,33231.14457728707,-18652.886746751024,-0.021230527151780976,2021-01-26 09:15:00,2021-01-29 06:45:00,2 days 21:30:00
331,33,120553,120574,33933.685247999994,32211.2415,-56840.643683999806,-0.050759112528207084,2021-01-29 11:00:00,2021-01-29 16:15:00,0 days 05:15:00
332,31,120577,121470,32292.173088,37857.887317670305,172537.1411197795,0.17235489895656997,2021-01-29 17:00:00,2021-02-08 00:15:00,9 days 07:15:00
333,-30,121479,121555,37989.953704,39919.383,-57882.87888000006,-0.05078788226574882,2021-02-08 02:30:00,2021-02-08 21:30:00,0 days 19:00:00
334,16,121571,122181,43467.676344,46414.88859768939,47155.3960590302,0.06780238792534865,2021-02-09 01:30:00,2021-02-15 11:15:00,6 days 09:45:00
335,-23,122195,122281,46595.14404,48964.072499999995,-54485.3545799999,-0.050840672538030374,2021-02-15 14:45:00,2021-02-16 12:15:00,0 days 21:30:00
336,28,122293,122742,49196.74593599999,53886.194740316576,131304.56652086435,0.09532030452617901,2021-02-16 15:15:00,2021-02-21 07:30:00,4 days 16:15:00
337,19,122744,122883,55468.339199999995,54861.568555447455,-11528.64224649826,-0.010939044747035442,2021-02-21 08:00:00,2021-02-22 18:45:00,1 days 10:45:00
338,-10,122905,123568,53334.418304,48222.48763231152,51119.30671688482,0.09584675026454903,2021-02-23 00:15:00,2021-03-01 22:00:00,6 days 21:45:00
339,28,123572,123876,47837.57947199999,48295.55007708697,12823.176942435413,0.00957344853443165,2021-03-01 23:00:00,2021-03-05 03:00:00,3 days 04:00:00
340,-22,123889,124118,48046.332160000005,50365.41301779854,-51019.77887156782,-0.048267594081390586,2021-03-05 06:15:00,2021-03-07 17:00:00,2 days 10:45:00
341,35,124130,124883,50653.41033599999,57959.72452481906,255720.9966086673,0.14424130853883255,2021-03-07 20:00:00,2021-03-15 16:15:00,7 days 20:15:00
342,-16,124901,125132,56359.786072,58450.68246015798,-33454.342210527626,-0.037099083120841536,2021-03-15 20:45:00,2021-03-18 06:30:00,2 days 09:45:00
343,23,125138,125449,58346.619984,56882.537983559436,-33673.88601013291,-0.025092833155409,2021-03-18 08:00:00,2021-03-21 13:45:00,3 days 05:45:00
344,-34,125456,126070,57193.798328,55726.314519566375,49894.449486743164,0.025658093208249078,2021-03-21 15:30:00,2021-03-28 01:00:00,6 days 09:30:00
345,33,126082,126422,55773.50313599999,57287.538072107825,49963.1528915585,0.027146133037689202,2021-03-28 04:00:00,2021-03-31 17:00:00,3 days 13:00:00
346,26,126427,126750,58211.151696,57830.574354827586,-9895.010870482787,-0.006537876851499647,2021-03-31 18:15:00,2021-04-04 03:00:00,3 days 08:45:00
347,-37,126758,126966,58550.162368,59366.294809339255,-30196.900329552533,-0.013939029514721035,2021-04-04 05:00:00,2021-04-06 09:00:00,2 days 04:00:00
348,42,126974,127105,58847.06001599999,56866.27845871498,-83192.82540597036,-0.033659821862748185,2021-04-06 11:00:00,2021-04-07 19:45:00,1 days 08:45:00
349,-23,127116,127362,56508.127304,58935.03663979536,-55818.914723293296,-0.0429479696387598,2021-04-07 22:30:00,2021-04-10 12:00:00,2 days 13:30:00
350,32,127379,127806,60746.68850399999,61571.69850835376,26400.320139320567,0.013581151905909028,2021-04-10 16:15:00,2021-04-15 03:00:00,4 days 10:45:00
351,-20,127817,128864,62210.191999999995,51435.907634191084,215485.68731617823,0.1731916269573467,2021-04-15 05:45:00,2021-04-26 10:30:00,11 days 04:45:00
352,23,128878,129213,52341.84,53035.41131424177,15952.14022756079,0.013250801161017067,2021-04-26 14:00:00,2021-04-30 01:45:00,3 days 11:45:00
353,-33,129224,129297,52977.314216,55670.7165,-88882.27537200012,-0.050840672538030596,2021-04-30 04:30:00,2021-04-30 22:45:00,0 days 18:15:00
354,30,129312,129629,56395.079999999994,56249.94558708112,-4354.032387566185,-0.002573529692995735,2021-05-01 02:30:00,2021-05-04 09:45:00,3 days 07:15:00
355,-24,129640,129786,55760.825624,57821.882600571385,-49465.367437713314,-0.03696245443834112,2021-05-04 12:30:00,2021-05-06 01:00:00,1 days 12:30:00
356,25,129793,130276,57358.44007199999,56475.15466589785,-22082.135152553565,-0.015399397281261273,2021-05-06 02:45:00,2021-05-11 03:30:00,5 days 00:45:00
357,-18,130291,131625,55871.437064,39610.85967640642,292690.3929766844,0.2910356032003848,2021-05-11 07:15:00,2021-05-25 04:45:00,13 days 21:30:00
358,18,131633,131690,38397.923784,36449.419499999996,-35073.07711200004,-0.050745042751814684,2021-05-25 06:45:00,2021-05-25 21:00:00,0 days 14:15:00
359,24,131719,131953,37785.00384,36695.67184092132,-26143.967977888242,-0.02882974429991947,2021-05-26 04:15:00,2021-05-28 14:45:00,2 days 10:30:00
360,-26,131962,132283,36946.06948,37286.09405813557,-8840.639031524814,-0.009203267977386131,2021-05-28 17:00:00,2021-06-01 01:15:00,3 days 08:15:00
361,31,132284,132622,37196.723591999995,37115.09689013237,-2530.427757896301,-0.0021944594573156673,2021-06-01 01:30:00,2021-06-04 14:00:00,3 days 12:30:00
362,-29,132635,133129,36586.297527999996,34941.00573303574,47713.46205396348,0.04497016386271646,2021-06-04 17:15:00,2021-06-09 20:45:00,5 days 03:30:00
363,32,133137,133410,34911.977256,34822.402742297956,-2866.3844384653494,-0.002565724451675022,2021-06-09 22:45:00,2021-06-12 19:00:00,2 days 20:15:00
364,-38,133411,133531,34753.464968,36533.1645,-67628.58221599995,-0.05120926887833188,2021-06-12 19:15:00,2021-06-14 01:15:00,1 days 06:00:00
365,32,133556,133821,38745.751824,38468.92316289241,-8858.517155442853,-0.007144748729230099,2021-06-14 07:30:00,2021-06-17 01:45:00,2 days 18:15:00
366,-35,133822,134478,38637.105568,34732.3767419672,136665.50891114795,0.10106162893492654,2021-06-17 02:00:00,2021-06-23 22:00:00,6 days 20:00:00
367,31,134483,134677,33974.938224,32593.788970424583,-42815.62686083787,-0.04065200191003637,2021-06-23 23:15:00,2021-06-25 23:45:00,2 days 00:30:00
368,-31,134681,134899,32891.615639999996,34104.35918563682,-37595.0499147416,-0.036870902266107786,2021-06-26 00:45:00,2021-06-28 07:15:00,2 days 06:30:00
369,34,134914,135159,34293.783096,34155.33169435338,-4707.347655985082,-0.004037215761791169,2021-06-28 11:00:00,2021-07-01 00:15:00,2 days 13:15:00
370,-44,135169,135504,34610.849151999995,35047.17092386027,-19198.15796185212,-0.012606502947792197,2021-07-01 02:45:00,2021-07-04 14:30:00,3 days 11:45:00
371,68,135520,135583,35478.370008,34650.04604215585,-56326.02967740188,-0.023347294863246715,2021-07-04 18:30:00,2021-07-05 10:15:00,0 days 15:45:00
372,-55,135601,135709,34172.649992,35013.721090009036,-46258.91039049704,-0.02461240489707217,2021-07-05 14:45:00,2021-07-06 17:45:00,1 days 03:00:00
373,59,135710,135868,35013.75861599999,33266.41420676224,-103093.32014502748,-0.049904508350591126,2021-07-06 18:00:00,2021-07-08 09:30:00,1 days 15:30:00
374,-63,135878,136240,33353.24604,34350.20191946036,-62808.22040600302,-0.029890820169788945,2021-07-08 12:00:00,2021-07-12 06:30:00,3 days 18:30:00
375,78,136250,136315,34286.407199999994,33154.402507848,-88296.36598785577,-0.03301613626498601,2021-07-12 09:00:00,2021-07-13 01:15:00,0 days 16:15:00
376,-68,136320,137142,33175.458384,30904.881526915528,154399.22628174396,0.06844146148043984,2021-07-13 02:30:00,2021-07-21 16:00:00,8 days 13:30:00
377,70,137146,137702,30842.494271999996,36416.00432362033,390145.70361342316,0.18070879749437707,2021-07-21 17:00:00,2021-07-27 12:00:00,5 days 19:00:00
378,34,137748,138261,38030.399999999994,40058.98222988488,68971.79581608616,0.05334107003567912,2021-07-27 23:30:00,2021-08-02 07:45:00,5 days 08:15:00
379,-34,138277,138530,39689.32312,39776.812082702134,-2974.624731872522,-0.0022043450435678125,2021-08-02 11:45:00,2021-08-05 03:00:00,2 days 15:15:00
380,48,138531,138592,39691.31767199999,37947.56024106989,-83700.3566846447,-0.04393296905232813,2021-08-05 03:15:00,2021-08-05 18:30:00,0 days 15:15:00
381,-47,138603,138622,37991.602384,39921.02099999999,-90682.67495199978,-0.050785397164836654,2021-08-05 21:15:00,2021-08-06 02:00:00,0 days 04:45:00
382,27,138636,139275,40944.489408,44495.00646486566,95863.96053537285,0.08671538241656362,2021-08-06 05:30:00,2021-08-12 21:15:00,6 days 15:45:00
383,-37,139295,139333,44065.849096,46286.390995003625,-82160.0502631342,-0.05039144699483833,2021-08-13 02:15:00,2021-08-13 16:15:00,0 days 14:00:00
384,41,139345,139443,46384.89825599999,46368.11489276715,-688.1178925464483,-0.0003618281782189481,2021-08-13 19:15:00,2021-08-14 19:45:00,1 days 00:30:00
385,36,139448,139689,46607.796431999996,45508.8689113344,-39561.39074396141,-0.023578190877762473,2021-08-14 21:00:00,2021-08-17 09:15:00,2 days 12:15:00
386,-36,139694,139954,46242.556336,46613.50490156611,-13354.14836038003,-0.00802180058712132,2021-08-17 10:30:00,2021-08-20 03:30:00,2 days 17:00:00
387,42,139964,140414,46628.993376,48475.571373284285,77556.27588594003,0.03960149820078951,2021-08-20 06:00:00,2021-08-24 22:30:00,4 days 16:30:00
388,-42,140434,140744,47941.625992,49162.507423204115,-51277.02011057279,-0.025465999659832983,2021-08-25 03:30:00,2021-08-28 09:00:00,3 days 05:30:00
389,54,140745,140954,49056.183575999996,47754.01335563277,-70317.19189983014,-0.026544466475869388,2021-08-28 09:15:00,2021-08-30 13:30:00,2 days 04:15:00
390,-51,140963,141197,47861.470168,48836.86102581926,-49744.933748782096,-0.020379458767052272,2021-08-30 15:45:00,2021-09-02 02:15:00,2 days 10:30:00
391,44,141207,141742,48212.008775999995,50878.75266053804,117336.73091967401,0.055312855702157604,2021-09-02 04:45:00,2021-09-07 18:30:00,5 days 13:45:00
392,-38,141751,142335,51003.054888,46773.11142865709,160737.8514550306,0.08293510003727511,2021-09-07 20:45:00,2021-09-13 22:45:00,6 days 02:00:00
393,-22,142337,142426,44164.64,46410.0,-49397.92000000001,-0.050840672538030374,2021-09-13 23:15:00,2021-09-14 21:30:00,0 days 22:15:00
394,41,142434,142906,46326.821831999994,47125.72284202162,32754.941410886648,0.017244891370246984,2021-09-14 23:30:00,2021-09-19 21:30:00,4 days 22:00:00
395,-60,142915,143309,47567.605448,44725.825166764334,170506.81687414006,0.05974192424595026,2021-09-19 23:45:00,2021-09-24 02:15:00,4 days 02:30:00
396,41,143322,143375,44588.702448,42482.81624992572,-86341.33412104519,-0.04722914286483637,2021-09-24 05:30:00,2021-09-24 18:45:00,0 days 13:15:00
397,-21,143391,143616,41683.6264,43759.77664807476,-43599.15520956993,-0.04980733269586057,2021-09-24 22:45:00,2021-09-27 07:00:00,2 days 08:15:00
398,46,143620,143720,42928.815599999994,42042.42916087722,-40773.776199647706,-0.020647819576060655,2021-09-27 08:00:00,2021-09-28 09:00:00,1 days 01:00:00
399,-40,143729,143915,42512.41284,43317.74854015975,-32213.428006390168,-0.01894354251758701,2021-09-28 11:15:00,2021-09-30 11:45:00,2 days 00:30:00
400,43,143926,145136,43503.745176,54993.562739708854,494062.15523948084,0.2641109981962546,2021-09-30 14:30:00,2021-10-13 05:00:00,12 days 14:30:00
401,-27,145140,145252,55316.791136,57831.45975339758,-67896.05266973475,-0.04545940872121634,2021-10-13 06:00:00,2021-10-14 10:00:00,1 days 04:00:00
402,36,145262,145617,58136.381927999995,59012.79734413183,31550.954980746115,0.01507516269617959,2021-10-14 12:30:00,2021-10-18 05:15:00,3 days 16:45:00
403,31,145644,145977,62155.89496799999,63527.23266509891,42511.4686100665,0.022062874290603274,2021-10-18 12:00:00,2021-10-21 23:15:00,3 days 11:15:00
404,-17,145994,146333,63047.08195199999,62685.808295933966,6141.652153122457,0.0057302200971185435,2021-10-22 03:30:00,2021-10-25 16:15:00,3 days 12:45:00
405,46,146344,146487,62781.97543199999,60908.418835945835,-86183.60341849123,-0.02984226895000197,2021-10-25 19:00:00,2021-10-27 06:45:00,1 days 11:45:00
406,-28,146500,146646,60636.701799999995,61783.03067564263,-32097.208517993742,-0.018904868530343455,2021-10-27 10:00:00,2021-10-28 22:30:00,1 days 12:30:00
407,34,146647,146666,61449.119999999995,58344.21701767312,-105566.70139911365,-0.05052803005684825,2021-10-28 22:45:00,2021-10-29 03:30:00,0 days 04:45:00
408,19,146672,146991,61337.901095999994,59818.196959614965,-28874.37859131556,-0.02477593965933944,2021-10-29 05:00:00,2021-11-01 12:45:00,3 days 07:45:00
409,-29,146998,147112,60599.36169599999,63426.568099864,-81988.98571205627,-0.04665406243133119,2021-11-01 14:30:00,2021-11-02 19:00:00,1 days 04:30:00
410,36,147123,147240,63172.507608,60804.6145350362,-85244.15062669685,-0.0374829678704085,2021-11-02 21:45:00,2021-11-04 03:00:00,1 days 05:15:00
411,-26,147242,147635,62112.010608,62657.15404989701,-14173.729489322432,-0.008776779829870796,2021-11-04 03:30:00,2021-11-08 05:45:00,4 days 02:15:00
412,36,147662,147923,65069.544023999995,65495.01337612691,15316.896676568926,0.006538686546965655,2021-11-08 12:30:00,2021-11-11 05:45:00,2 days 17:15:00
413,-15,147938,148320,64613.807568,65652.83488966773,-15585.409825016068,-0.01608057721369005,2021-11-11 09:30:00,2021-11-15 09:00:00,3 days 23:30:00
414,37,148332,148394,65729.99195999998,63811.233483718584,-70994.0636224118,-0.02919152154238913,2021-11-15 12:00:00,2021-11-16 03:30:00,0 days 15:30:00
415,-36,148398,148874,63977.057376,59562.091632436364,158938.76676829078,0.06900857783465109,2021-11-16 04:30:00,2021-11-21 03:30:00,4 days 23:00:00
416,46,148893,149001,59673.710807999996,57383.266393385245,-105360.44307227853,-0.03838280515157255,2021-11-21 08:15:00,2021-11-22 11:15:00,1 days 03:00:00
417,-34,149015,149343,57177.901056,59055.31908655631,-63832.2130389144,-0.032834679061016336,2021-11-22 14:45:00,2021-11-26 00:45:00,3 days 10:00:00
418,41,149353,149407,59270.638607999994,56686.91865985899,-105932.51787378125,-0.0435919033238199,2021-11-26 03:15:00,2021-11-26 16:45:00,0 days 13:30:00
419,-20,149427,149655,53999.675672000005,56034.19834725071,-40690.45350501416,-0.03767657212625908,2021-11-26 21:45:00,2021-11-29 06:45:00,2 days 09:00:00
420,28,149673,150111,57629.847023999995,55764.50898741143,-52229.4650244799,-0.032367568767131094,2021-11-29 11:15:00,2021-12-04 00:45:00,4 days 13:30:00
421,-20,150135,150437,53817.751328,51167.27837767189,53009.4590065621,0.04924904673505248,2021-12-04 06:45:00,2021-12-07 10:15:00,3 days 03:30:00
422,30,150438,150572,50775.047567999994,49076.03039009389,-50970.51533718317,-0.033461656055185585,2021-12-07 10:30:00,2021-12-08 20:00:00,1 days 09:30:00
423,-35,150584,151792,49008.301968,48126.58185883108,30860.20382091221,0.017991239723927577,2021-12-08 23:00:00,2021-12-21 13:00:00,12 days 14:00:00
424,39,151804,152272,48585.71750399999,49608.24322583055,39878.503151391684,0.021045808817094613,2021-12-21 16:00:00,2021-12-26 13:00:00,4 days 21:00:00
425,-52,152278,152409,49883.40132799999,51407.64179931006,-79260.50450812362,-0.030556065359049533,2021-12-26 14:30:00,2021-12-27 23:15:00,1 days 08:45:00
426,56,152418,152454,51379.530768,49928.25177685656,-81271.6235040325,-0.028246248446615163,2021-12-28 01:30:00,2021-12-28 10:30:00,0 days 09:00:00
427,-40,152465,153803,49573.599368,42393.219852374175,287215.1806250331,0.1448428116410042,2021-12-28 13:15:00,2022-01-11 11:45:00,13 days 22:30:00
428,48,153814,154053,42056.13801599999,42609.98200682687,26584.511559690116,0.013169159531865926,2022-01-11 14:30:00,2022-01-14 02:15:00,2 days 11:45:00
429,-43,154068,154715,42761.943056,43023.51639547093,-11247.65359725005,-0.00611696571244158,2022-01-14 06:00:00,2022-01-20 23:45:00,6 days 17:45:00
430,54,154727,154744,43128.31507199999,41052.308634324836,-112104.34763445833,-0.04813557947277547,2022-01-21 02:45:00,2022-01-21 07:00:00,0 days 04:15:00
431,-27,154774,155123,38760.9664,36687.33803570787,55987.96583588741,0.05349784994762474,2022-01-21 14:30:00,2022-01-25 05:45:00,3 days 15:15:00
432,23,155130,155336,36595.372896,35824.67326558865,-17726.09149946103,-0.021060029436005268,2022-01-25 07:30:00,2022-01-27 11:00:00,2 days 03:30:00
433,-35,155348,155507,35902.05536,37727.340000000004,-63884.962400000186,-0.050840672538030596,2022-01-27 14:00:00,2022-01-29 05:45:00,1 days 15:45:00
434,49,155518,155715,37772.183591999994,36914.86086073863,-42008.81383180699,-0.022697198036571664,2022-01-29 08:30:00,2022-01-31 09:45:00,2 days 01:15:00
435,-60,155727,155779,36973.44756,38228.33733370669,-75293.38642240124,-0.03394029652415487,2022-01-31 12:45:00,2022-02-01 01:45:00,0 days 13:00:00
436,50,155792,155968,38446.522632,37347.78268128811,-54936.99753559449,-0.02857839605492385,2022-02-01 05:00:00,2022-02-03 01:00:00,1 days 20:00:00
437,-55,155977,156121,37402.95368,37956.825191339005,-30462.933123645344,-0.014808229213062685,2022-02-03 03:15:00,2022-02-04 15:15:00,1 days 12:00:00
438,68,156131,156549,37970.802359999994,42852.94122811204,331985.443031619,0.1285761312553957,2022-02-04 17:45:00,2022-02-09 02:15:00,4 days 08:30:00
439,-35,156555,156732,43039.650712,45227.8155,-76585.76757999981,-0.050840672538030374,2022-02-09 03:45:00,2022-02-11 00:00:00,1 days 20:15:00
440,28,156733,156771,44885.75990399999,42607.3955,-63794.203311999794,-0.050759180837594675,2022-02-11 00:15:00,2022-02-11 09:45:00,0 days 09:30:00
441,-28,156779,157158,43029.518824,43380.44945660117,-9826.057712832815,-0.00815557882570217,2022-02-11 11:45:00,2022-02-15 10:30:00,3 days 22:45:00
442,58,157172,157381,43503.705144,42943.5567840742,-32488.604875696343,-0.012875877079243536,2022-02-15 14:00:00,2022-02-17 18:15:00,2 days 04:15:00
443,-59,157393,157749,43276.391168,39485.617047670516,223655.6730994397,0.08759450633518884,2022-02-17 21:15:00,2022-02-21 14:15:00,3 days 17:00:00
444,-55,157752,158096,39197.277072000004,38339.732779391226,47164.93609348279,0.021877649588607606,2022-02-21 15:00:00,2022-02-25 05:00:00,3 days 14:00:00
445,23,158107,158383,37959.032952,37852.33877418648,-2453.9660897110152,-0.0028107717588179426,2022-02-25 07:45:00,2022-02-28 04:45:00,2 days 21:00:00
446,-33,158396,158459,37788.215224,39709.3935,-63398.88310799996,-0.050840672538030374,2022-02-28 08:00:00,2022-02-28 23:45:00,0 days 15:45:00
447,31,158476,158771,41237.61372,41873.8795897057,19724.24196087663,0.015429260141624379,2022-03-01 04:00:00,2022-03-04 05:45:00,3 days 01:45:00
448,-42,158772,159277,41996.695744,39936.048855546855,86547.16931503198,0.04906688138072257,2022-03-04 06:00:00,2022-03-09 12:15:00,5 days 06:15:00
449,41,159291,159378,41588.894519999994,39960.16312923897,-66777.98702120192,-0.039162651702073226,2022-03-09 15:45:00,2022-03-10 13:30:00,0 days 21:45:00
450,-38,159390,159835,39256.279832,39552.98370702987,-11274.747251134948,-0.007558125127995696,2022-03-10 16:30:00,2022-03-15 07:45:00,4 days 15:15:00
451,43,159846,160390,39000.875759999995,40966.21121459607,84509.42454763125,0.050392085210859694,2022-03-15 10:30:00,2022-03-21 02:30:00,5 days 16:00:00
452,-65,160396,160525,41197.006008,42434.022286112595,-80406.05807731888,-0.030026848986850707,2022-03-21 04:00:00,2022-03-22 12:15:00,1 days 08:15:00
453,39,160538,161286,42241.646303999994,46560.16634868603,168422.28174275527,0.10223370589316016,2022-03-22 15:30:00,2022-03-30 10:30:00,7 days 19:00:00
454,49,161290,161440,47185.298063999995,46172.51454645251,-49626.39235982666,-0.021463963545886422,2022-03-30 11:30:00,2022-04-01 01:00:00,1 days 13:30:00
455,-48,161452,161532,45920.504184,46627.97481715555,-33958.590391466394,-0.015406421286682015,2022-04-01 04:00:00,2022-04-02 00:00:00,0 days 20:00:00
456,-43,161540,161905,45988.469768,47185.459138458464,-51470.542929713825,-0.02602803216756211,2022-04-02 02:00:00,2022-04-05 21:15:00,3 days 19:15:00
457,66,161909,161953,46467.46425599999,44777.034244228256,-111568.38077693456,-0.03637878758476609,2022-04-05 22:15:00,2022-04-06 09:15:00,0 days 11:00:00
458,-45,161962,162406,45254.327551999995,43273.964016752914,89116.35908611864,0.04376075487966369,2022-04-06 11:30:00,2022-04-11 02:30:00,4 days 15:00:00
459,86,162420,162427,43135.710984,41896.10181600542,-106606.38844753343,-0.028737422885051656,2022-04-11 06:00:00,2022-04-11 07:45:00,0 days 01:45:00
460,-53,162439,162685,42246.146024,41363.42376949054,46784.27948900153,0.020894740410355772,2022-04-11 10:45:00,2022-04-14 00:15:00,2 days 13:30:00
461,44,162695,162782,40928.406552,40217.873302682485,-31263.462969970686,-0.01736039365262787,2022-04-14 02:45:00,2022-04-15 00:30:00,0 days 21:45:00
462,-61,162793,163172,39926.802983999994,40294.57061845989,-22433.82570205359,-0.009211046389245636,2022-04-15 03:15:00,2022-04-19 02:00:00,3 days 22:45:00
463,45,163189,163474,40814.50550399999,40989.43214815985,7871.698987193668,0.004285893997728607,2022-04-19 06:15:00,2022-04-22 05:30:00,2 days 23:15:00
464,-46,163488,163851,40447.625992,40017.43528097204,19788.772707286364,0.0106357468572581,2022-04-22 09:00:00,2022-04-26 03:45:00,3 days 18:45:00
465,49,163863,163931,40224.92421599999,39356.428826021795,-42556.274108931684,-0.02159097641339347,2022-04-26 06:45:00,2022-04-26 23:45:00,0 days 17:00:00
466,-43,163948,164124,38378.132912,39996.05469856374,-69570.63682224083,-0.042157386610588654,2022-04-27 04:00:00,2022-04-29 00:00:00,1 days 20:00:00
467,42,164144,164237,40015.757015999996,38283.809896513885,-72741.77901841665,-0.04328162825443005,2022-04-29 05:00:00,2022-04-30 04:15:00,0 days 23:15:00
468,-49,164242,164467,38494.979360000005,38862.78218227336,-18022.338291394422,-0.00955456603401994,2022-04-30 05:30:00,2022-05-02 13:45:00,2 days 08:15:00
469,79,164479,164618,39052.13673599999,37614.22731416192,-113594.84432520758,-0.0368202495950124,2022-05-02 16:45:00,2022-05-04 03:30:00,1 days 10:45:00
470,-64,164628,164674,37755.561368,39007.68988787194,-80136.22527180379,-0.03316408164793394,2022-05-04 06:00:00,2022-05-04 17:30:00,0 days 11:30:00
471,74,164685,164792,38975.10515999999,38816.91779613774,-11705.86492580644,-0.0040586770250615745,2022-05-04 20:15:00,2022-05-05 23:00:00,1 days 02:45:00
472,-32,164816,165745,36286.957192,30536.052645822998,184028.94547766412,0.15848406676117988,2022-05-06 05:00:00,2022-05-15 21:15:00,9 days 16:15:00
473,58,165753,165858,30054.894695999996,29238.743642048725,-47336.76112917372,-0.027155345650234253,2022-05-15 23:15:00,2022-05-17 01:30:00,1 days 02:15:00
474,-39,165862,166142,29623.272408,30411.912119596338,-30756.948752257154,-0.02662230224718054,2022-05-17 02:30:00,2022-05-20 00:30:00,2 days 22:00:00
475,52,166150,166240,30051.962351999995,29025.40705831017,-53380.87527187084,-0.03415934312926838,2022-05-20 02:30:00,2022-05-21 01:00:00,0 days 22:30:00
476,-54,166251,166406,28926.830008,29993.69891567048,-57610.921014205895,-0.03688163920399945,2022-05-21 03:45:00,2022-05-22 18:30:00,1 days 14:45:00
477,87,166417,166541,30006.475992,29411.291847860528,-51781.02054013404,-0.019835189720317503,2022-05-22 21:15:00,2022-05-24 04:15:00,1 days 07:00:00
478,-58,166551,166665,29414.759352,30094.126961747606,-39403.32136536112,-0.02309614712864927,2022-05-24 06:45:00,2022-05-25 11:15:00,1 days 04:30:00
479,89,166677,166802,30134.098007999997,28871.848046764648,-112340.24654994611,-0.04188776318774323,2022-05-25 14:15:00,2022-05-26 21:30:00,1 days 07:15:00
480,-44,166809,167130,29167.996919999998,29509.551342430237,-15028.394586930532,-0.011709903267167476,2022-05-26 23:15:00,2022-05-30 07:30:00,3 days 08:15:00
481,140,167140,167389,29345.907959999997,30758.516761751616,197765.23224522674,0.048136483072088954,2022-05-30 10:00:00,2022-06-02 00:15:00,2 days 14:15:00
482,-47,167405,167776,30192.216888,30157.788730305947,1618.1234116204469,0.0011402990983326866,2022-06-02 04:15:00,2022-06-06 01:00:00,3 days 20:45:00
483,112,167790,167906,30006.506016,30358.320014852736,39403.16787150648,0.011724590615953101,2022-06-06 04:30:00,2022-06-07 09:30:00,1 days 05:00:00
484,-53,167921,167982,29473.642208,30605.334567408594,-59979.69504865543,-0.03839675977003676,2022-06-07 13:15:00,2022-06-08 04:30:00,0 days 15:15:00
485,53,167995,168193,31160.988864,29581.730470402683,-83700.69486065776,-0.05068062507547122,2022-06-08 07:45:00,2022-06-10 09:15:00,2 days 01:30:00
486,-81,168201,169099,29950.92008,19995.281427433736,806406.7308578674,0.3323984246886036,2022-06-10 11:15:00,2022-06-19 19:45:00,9 days 08:30:00
487,-35,169106,169138,19403.574712,20390.075999999997,-34527.54507999985,-0.05084121367543171,2022-06-19 21:30:00,2022-06-20 05:30:00,0 days 08:00:00
488,42,169150,169878,20479.870799999997,20868.220073487144,16310.669486460174,0.018962486496113318,2022-06-20 08:30:00,2022-06-27 22:30:00,7 days 14:00:00
489,-98,169892,170209,20743.04228,20120.39590090387,61019.345151420894,0.030017119508861767,2022-06-28 02:00:00,2022-07-01 09:15:00,3 days 07:15:00
490,52,170222,170250,20149.046351999998,19126.2835,-53183.6683039998,-0.05075986397234511,2022-07-01 12:30:00,2022-07-01 19:30:00,0 days 07:00:00
491,-68,170259,170543,19303.49484,19656.120764446725,-23978.562862377337,-0.018267465418543072,2022-07-01 21:45:00,2022-07-04 20:45:00,2 days 23:00:00
492,111,170551,170644,19560.615983999996,19316.197474257784,-27130.45458138557,-0.012495440324688079,2022-07-04 22:45:00,2022-07-05 22:00:00,0 days 23:15:00
493,-86,170649,170671,19484.469944,20475.063000000002,-85191.00281600014,-0.050840133647312324,2022-07-05 23:15:00,2022-07-06 04:45:00,0 days 05:30:00
494,66,170680,171130,20389.418496,20870.83820018667,31773.700476320344,0.02361125229153127,2022-07-06 07:00:00,2022-07-10 23:30:00,4 days 16:30:00
495,-100,171141,171453,20886.047784,20269.908395351456,61613.93886485421,0.029500046874380126,2022-07-11 02:15:00,2022-07-14 08:15:00,3 days 06:00:00
496,75,171466,172362,20259.864935999998,22416.901678791608,161777.75570937074,0.10646846608334215,2022-07-14 11:30:00,2022-07-23 19:30:00,9 days 08:00:00
497,-89,172376,172776,22322.098024,21872.541211963897,40010.55627121309,0.020139541164667984,2022-07-23 23:00:00,2022-07-28 03:00:00,4 days 04:00:00
498,62,172791,173162,22708.892592,23443.794865531723,45563.94095896683,0.03236187192107365,2022-07-28 06:45:00,2022-08-01 03:30:00,3 days 20:45:00
499,80,173172,173539,23816.257776,22607.292500000003,-96717.22207999963,-0.05076218469629967,2022-08-01 06:00:00,2022-08-05 01:45:00,3 days 19:45:00
500,-93,173556,173844,22493.211024,23390.18558442898,-83418.63411989498,-0.03987756836815848,2022-08-05 06:00:00,2022-08-08 06:00:00,3 days 00:00:00
501,165,173851,173999,23241.538367999998,23226.866389096234,-2420.876519120957,-0.0006312826058004761,2022-08-08 07:45:00,2022-08-09 20:45:00,1 days 13:00:00
502,-117,174007,174098,23279.381584,23675.932912655917,-46396.50545274241,-0.01703444428817935,2022-08-09 22:45:00,2022-08-10 21:30:00,0 days 22:45:00
503,75,174112,174556,24016.297679999996,24081.486879804448,4889.1899853339055,0.0027143734089680738,2022-08-11 01:00:00,2022-08-15 16:00:00,4 days 15:00:00
504,-79,174569,175456,24158.85744,21880.063436174212,180024.72630223722,0.09432540464652817,2022-08-15 19:15:00,2022-08-25 01:00:00,9 days 05:45:00
505,117,175464,175644,21650.546592,21053.06720809503,-69905.08791688115,-0.027596503458519606,2022-08-25 03:00:00,2022-08-27 00:00:00,1 days 21:00:00
506,-72,175660,175936,20675.616263999997,20427.796729451413,17843.00648749803,0.011986077289511399,2022-08-27 04:00:00,2022-08-30 01:00:00,2 days 21:00:00
507,104,175942,176027,20279.2104,19803.87318781141,-49435.0700676135,-0.0234396311696925,2022-08-30 02:30:00,2022-08-30 23:45:00,0 days 21:15:00
508,-96,176041,176643,19706.012568000002,20090.846281443002,-36944.03649052803,-0.019528745965986083,2022-08-31 03:15:00,2022-09-06 09:45:00,6 days 06:30:00
509,-122,176648,176818,19755.992552,19325.797191633334,52483.83396473327,0.021775436452222907,2022-09-06 11:00:00,2022-09-08 05:30:00,1 days 18:30:00
510,119,176829,177363,19319.383152,21548.163756504502,265224.89193603594,0.11536499830087865,2022-09-08 08:15:00,2022-09-13 21:45:00,5 days 13:30:00
511,-60,177382,177966,20885.797984,19478.412504111395,84443.12879331635,0.06738480765574595,2022-09-14 02:30:00,2022-09-20 04:30:00,6 days 02:00:00
512,80,177978,178164,19492.151255999997,18596.606627988276,-71643.5702409377,-0.04594385792774203,2022-09-20 07:30:00,2022-09-22 06:00:00,1 days 22:30:00
513,-53,178177,178254,18476.387056,19415.739,-49785.6530320001,-0.050840672538030596,2022-09-22 09:15:00,2022-09-23 04:30:00,0 days 19:15:00
514,89,178262,178722,19201.128623999997,19335.20571726092,11932.861300222146,0.006982771475908756,2022-09-23 06:30:00,2022-09-28 01:30:00,4 days 19:00:00
515,-67,178734,178816,19037.617712,19634.13217901455,-39966.46928997479,-0.03133346178280205,2022-09-28 04:30:00,2022-09-29 01:00:00,0 days 20:30:00
516,80,178824,179228,19361.026439999998,19000.29190138301,-28858.76308935898,-0.018631994524407447,2022-09-29 03:00:00,2022-10-03 08:00:00,4 days 05:00:00
517,-129,179237,179354,19173.838647999997,19774.731418069998,-77515.16733903007,-0.03133920030836812,2022-10-03 10:15:00,2022-10-04 15:30:00,1 days 05:15:00
518,123,179368,179667,19954.240632,19595.857083759816,-44081.17643354271,-0.01796026994209221,2022-10-04 19:00:00,2022-10-07 21:45:00,3 days 02:45:00
519,-118,179689,180267,19433.980368,19291.84269699114,16772.24517904535,0.007313873345416333,2022-10-08 03:15:00,2022-10-14 03:45:00,6 days 00:30:00
520,96,180277,180375,19420.574039999996,19080.032173965035,-32692.019139356213,-0.01753510814528736,2022-10-14 06:15:00,2022-10-15 06:45:00,1 days 00:30:00
521,-127,180376,180559,19092.653648,19355.11811634429,-33332.98747972475,-0.0137468826064302,2022-10-15 07:00:00,2022-10-17 04:45:00,1 days 21:45:00
522,165,180569,180748,19341.41076,19154.102585500066,-30905.848792488887,-0.009684307769695089,2022-10-17 07:15:00,2022-10-19 04:00:00,1 days 20:45:00
523,-140,180755,181223,19370.2414,19320.420196379102,6974.968506925579,0.002572048669506888,2022-10-19 05:45:00,2022-10-24 02:45:00,4 days 21:00:00
524,204,181238,181662,19500.177671999998,20115.47013827391,125519.66311987831,0.03155317231582977,2022-10-24 06:30:00,2022-10-28 16:30:00,4 days 10:00:00
525,-161,181670,181739,20200.186912,20775.50048007454,-92625.48446000094,-0.028480606173637568,2022-10-28 18:30:00,2022-10-29 11:45:00,0 days 17:15:00
526,188,181747,181975,20681.341848,20397.854001254276,-53295.715188196074,-0.013707420380614121,2022-10-29 13:45:00,2022-10-31 22:45:00,2 days 09:00:00
527,-119,181990,182330,20396.100056,20664.389008947684,-31926.385400774536,-0.013153933948699237,2022-11-01 02:30:00,2022-11-04 15:30:00,3 days 13:00:00
528,186,182341,182590,20596.253832,20930.506381044674,62170.97412230957,0.016228803148917947,2022-11-04 18:15:00,2022-11-07 08:30:00,2 days 14:15:00
529,-162,182600,182754,20969.61088,20503.814789990505,75458.96658153817,0.022212910514889606,2022-11-07 11:00:00,2022-11-09 01:30:00,1 days 14:30:00
530,-55,182756,183316,20353.284336,16998.157415602756,184531.98062184843,0.16484449708506466,2022-11-09 02:00:00,2022-11-14 22:00:00,5 days 20:00:00
531,81,183317,183343,17063.860176,16200.036499999998,-69969.717756,-0.05062299310298801,2022-11-14 22:15:00,2022-11-15 04:45:00,0 days 06:30:00
532,-90,183352,184137,16394.743703999997,16392.4937101125,202.4994498747401,0.00013723873505555595,2022-11-15 07:00:00,2022-11-23 11:15:00,8 days 04:15:00
533,155,184150,184612,16496.326512,16361.91051543037,-20834.47946829249,-0.008148238122702711,2022-11-23 14:30:00,2022-11-28 10:00:00,4 days 19:30:00
534,-186,184625,184802,16188.728648,16550.11815310754,-67218.44795000271,-0.022323526014020212,2022-11-28 13:15:00,2022-11-30 09:30:00,1 days 20:15:00
535,143,184816,185358,16858.726199999997,16877.092449410902,2626.3736657593945,0.0010894209439682445,2022-11-30 13:00:00,2022-12-06 04:30:00,5 days 15:30:00
536,-216,185366,185642,16949.27972,17049.659841913144,-21682.10633323944,-0.00592238275439505,2022-12-06 06:30:00,2022-12-09 03:30:00,2 days 21:00:00
537,203,185653,185952,17188.209576,17040.29143379836,-30027.382866933098,-0.008605791170255395,2022-12-09 06:15:00,2022-12-12 09:00:00,3 days 02:45:00
538,-304,185969,186036,16906.61388,17156.61504457286,-76000.35403014917,-0.014787181297646113,2022-12-12 13:15:00,2022-12-13 06:00:00,0 days 16:45:00
539,307,186050,186247,17182.364904,17630.2938165999,137514.17616816994,0.026069107198138042,2022-12-13 09:30:00,2022-12-15 10:45:00,2 days 01:15:00
540,139,186252,186329,17730.943416,17305.306496609915,-59163.531795221505,-0.024005317111665758,2022-12-15 12:00:00,2022-12-16 07:15:00,0 days 19:15:00
541,-208,186336,186779,17343.074431999998,16912.068819699267,89649.16735855199,0.02485174205938223,2022-12-16 09:00:00,2022-12-20 23:45:00,4 days 14:45:00
542,165,186786,186982,16813.349928,16596.13632108387,-35840.245141161104,-0.012919115336699982,2022-12-21 01:30:00,2022-12-23 02:30:00,2 days 01:00:00
543,-287,186988,187312,16603.196808,16903.877383511583,-86295.32517182404,-0.01810980011793295,2022-12-23 04:00:00,2022-12-26 13:00:00,3 days 09:00:00
544,451,187315,187462,16888.119695999998,16726.190187977718,-73030.20811804831,-0.009588368091720367,2022-12-26 13:45:00,2022-12-28 02:30:00,1 days 12:45:00
545,-297,187473,187776,16682.723136,16607.48,22347.211392000285,0.004510243045251494,2022-12-28 05:15:00,2022-12-31 09:00:00,3 days 03:45:00
